id	domain	previous_summary	model_input	canonical_input	model_request	bound_request	artifact	summary	stratum	template_id
q34-confirm/000	quantity	quantity channel has no prior committed result	Provide the arithmetic sum for 187 together with 517.                                                                                                           	add 187 517	quantity.add	quantity.add 187 517	result 704	kernel committed result 704	lexical	0
q34-confirm/001	quantity	quantity channel has no prior committed result	Provide the arithmetic product for -72 together with 47.                                                                                                        	multiply -72 47	quantity.multiply	quantity.multiply -72 47	result -3384	kernel committed result -3384	lexical	0
q34-confirm/002	quantity	quantity channel has no prior committed result	Provide the reduced rational sum for -6/11 together with 22/18.                                                                                                 	add-rational -6/11 22/18	quantity.add-rational	quantity.add-rational -6/11 22/18	result 67/99	kernel committed result 67/99	lexical	0
q34-confirm/003	quantity	quantity channel has no prior committed result	Provide the centimeters equivalent for 492 meters.                                                                                                              	convert 492 m-to-cm	quantity.convert	quantity.convert 492 m-to-cm	result 49200 cm	kernel committed result 49200 cm	lexical	0
q34-confirm/004	quantity	quantity channel has no prior committed result	Provide the root x for 14*x+-89=653.                                                                                                                            	solve 14*x+-89=653	quantity.solve-linear	quantity.solve-linear 14 -89 653	x 53	kernel committed x 53	lexical	0
q34-confirm/005	quantity	quantity channel has no prior committed result	A counter begins at 787 and shifts 799. Where does it finish?                                                                                                   	add 787 799	quantity.add	quantity.add 787 799	result 1586	kernel committed result 1586	implicit	0
q34-confirm/006	quantity	quantity channel has no prior committed result	A signed area uses width -87 and height 73. What area results?                                                                                                  	multiply -87 73	quantity.multiply	quantity.multiply -87 73	result -6351	kernel committed result -6351	implicit	0
q34-confirm/007	quantity	quantity channel has no prior committed result	A fractional counter begins at -2/10 and shifts -10/7. Where does it finish?                                                                                    	add-rational -2/10 -10/7	quantity.add-rational	quantity.add-rational -2/10 -10/7	result -57/35	kernel committed result -57/35	implicit	0
q34-confirm/008	quantity	quantity channel has no prior committed result	A fixed length marked 230 m needs a cm label. What number is printed?                                                                                           	convert 230 m-to-cm	quantity.convert	quantity.convert 230 m-to-cm	result 23000 cm	kernel committed result 23000 cm	implicit	0
q34-confirm/009	quantity	quantity channel has no prior committed result	A number substituted for x makes 3*x+-56 and 226 identical. Which number?                                                                                       	solve 3*x+-56=226	quantity.solve-linear	quantity.solve-linear 3 -56 226	x 94	kernel committed x 94	implicit	0
q34-confirm/010	quantity	quantity channel has no prior committed result	How much does -669 plus 786 produce?                                                                                                                            	add -669 786	quantity.add	quantity.add -669 786	result 117	kernel committed result 117	lexical	1
q34-confirm/011	quantity	quantity channel has no prior committed result	How much does 85 times -80 produce?                                                                                                                             	multiply 85 -80	quantity.multiply	quantity.multiply 85 -80	result -6800	kernel committed result -6800	lexical	1
q34-confirm/012	quantity	quantity channel has no prior committed result	How much does fraction 17/4 plus fraction 24/23 produce?                                                                                                        	add-rational 17/4 24/23	quantity.add-rational	quantity.add-rational 17/4 24/23	result 487/92	kernel committed result 487/92	lexical	1
q34-confirm/013	quantity	quantity channel has no prior committed result	How many grams represent 816 kilograms?                                                                                                                         	convert 816 kg-to-g	quantity.convert	quantity.convert 816 kg-to-g	result 816000 g	kernel committed result 816000 g	lexical	1
q34-confirm/014	quantity	quantity channel has no prior committed result	How much must x be for 23*x+2 to produce 439?                                                                                                                   	solve 23*x+2=439	quantity.solve-linear	quantity.solve-linear 23 2 439	x 19	kernel committed x 19	lexical	1
q34-confirm/015	quantity	quantity channel has no prior committed result	The first signed contribution is -147; the second is -645. What is the net amount?                                                                              	add -147 -645	quantity.add	quantity.add -147 -645	result -792	kernel committed result -792	implicit	1
q34-confirm/016	quantity	quantity channel has no prior committed result	An operator repeats the scale 98 across value -36. What comes out?                                                                                              	multiply 98 -36	quantity.multiply	quantity.multiply 98 -36	result -3528	kernel committed result -3528	implicit	1
q34-confirm/017	quantity	quantity channel has no prior committed result	The first fractional contribution is -18/23; the second is -6/12. What is the net amount?                                                                       	add-rational -18/23 -6/12	quantity.add-rational	quantity.add-rational -18/23 -6/12	result -59/46	kernel committed result -59/46	implicit	1
q34-confirm/018	quantity	quantity channel has no prior committed result	The length stays identical while cm is replaced by mm. Starting from 767, what is shown?                                                                        	convert 767 cm-to-mm	quantity.convert	quantity.convert 767 cm-to-mm	result 7670 mm	kernel committed result 7670 mm	implicit	1
q34-confirm/019	quantity	quantity channel has no prior committed result	The left side 17*x+-46 must land exactly on 787. What x does that?                                                                                              	solve 17*x+-46=787	quantity.solve-linear	quantity.solve-linear 17 -46 787	x 49	kernel committed x 49	implicit	1
q34-confirm/020	quantity	quantity channel has no prior committed result	Combine the signed pair 558, 247 into a total.                                                                                                                  	add 558 247	quantity.add	quantity.add 558 247	result 805	kernel committed result 805	lexical	2
q34-confirm/021	quantity	quantity channel has no prior committed result	Apply factor -93 to 75 and report the result.                                                                                                                   	multiply -93 75	quantity.multiply	quantity.multiply -93 75	result -6975	kernel committed result -6975	lexical	2
q34-confirm/022	quantity	quantity channel has no prior committed result	Combine rational pair -4/5, 3/6 into one value.                                                                                                                 	add-rational -4/5 3/6	quantity.add-rational	quantity.add-rational -4/5 3/6	result -3/10	kernel committed result -3/10	lexical	2
q34-confirm/023	quantity	quantity channel has no prior committed result	Change only the unit notation of 407 kilograms to grams.                                                                                                        	convert 407 kg-to-g	quantity.convert	quantity.convert 407 kg-to-g	result 407000 g	kernel committed result 407000 g	lexical	2
q34-confirm/024	quantity	quantity channel has no prior committed result	Determine the unknown in the relation 8*x+-14=482.                                                                                                              	solve 8*x+-14=482	quantity.solve-linear	quantity.solve-linear 8 -14 482	x 62	kernel committed x 62	lexical	2
q34-confirm/025	quantity	quantity channel has no prior committed result	After a balance of 331 receives 575, what balance remains?                                                                                                      	add 331 575	quantity.add	quantity.add 331 575	result 906	kernel committed result 906	implicit	2
q34-confirm/026	quantity	quantity channel has no prior committed result	A signed rate -65 spans 53 intervals. What accumulated amount appears?                                                                                          	multiply -65 53	quantity.multiply	quantity.multiply -65 53	result -3445	kernel committed result -3445	implicit	2
q34-confirm/027	quantity	quantity channel has no prior committed result	After a rational balance of -1/14 receives 15/1, what balance remains?                                                                                          	add-rational -1/14 15/1	quantity.add-rational	quantity.add-rational -1/14 15/1	result 209/14	kernel committed result 209/14	implicit	2
q34-confirm/028	quantity	quantity channel has no prior committed result	Two labels describe one amount: one is 615 kilograms; what is the grams label?                                                                                  	convert 615 kg-to-g	quantity.convert	quantity.convert 615 kg-to-g	result 615000 g	kernel committed result 615000 g	implicit	2
q34-confirm/029	quantity	quantity channel has no prior committed result	Balance the statement 6*x+-38=256 by choosing x.                                                                                                                	solve 6*x+-38=256	quantity.solve-linear	quantity.solve-linear 6 -38 256	x 49	kernel committed x 49	implicit	2
q34-confirm/030	quantity	quantity channel has no prior committed result	Provide the arithmetic sum for 657 together with 151.                                                                                                                           	add 657 151	quantity.add	quantity.add 657 151	result 808	kernel committed result 808	lexical	0
q34-confirm/031	quantity	quantity channel has no prior committed result	Provide the arithmetic product for 86 together with -62.                                                                                                                        	multiply 86 -62	quantity.multiply	quantity.multiply 86 -62	result -5332	kernel committed result -5332	lexical	0
q34-confirm/032	quantity	quantity channel has no prior committed result	Provide the reduced rational sum for -3/19 together with -8/8.                                                                                                                  	add-rational -3/19 -8/8	quantity.add-rational	quantity.add-rational -3/19 -8/8	result -22/19	kernel committed result -22/19	lexical	0
q34-confirm/033	quantity	quantity channel has no prior committed result	Provide the grams equivalent for 152 kilograms.                                                                                                                                 	convert 152 kg-to-g	quantity.convert	quantity.convert 152 kg-to-g	result 152000 g	kernel committed result 152000 g	lexical	0
q34-confirm/034	quantity	quantity channel has no prior committed result	Provide the root x for 6*x+-93=-501.                                                                                                                                            	solve 6*x+-93=-501	quantity.solve-linear	quantity.solve-linear 6 -93 -501	x -68	kernel committed x -68	lexical	0
q34-confirm/035	quantity	quantity channel has no prior committed result	A counter begins at 332 and shifts -967. Where does it finish?                                                                                                                  	add 332 -967	quantity.add	quantity.add 332 -967	result -635	kernel committed result -635	implicit	0
q34-confirm/036	quantity	quantity channel has no prior committed result	A signed area uses width 79 and height -14. What area results?                                                                                                                  	multiply 79 -14	quantity.multiply	quantity.multiply 79 -14	result -1106	kernel committed result -1106	implicit	0
q34-confirm/037	quantity	quantity channel has no prior committed result	A fractional counter begins at -15/10 and shifts 22/7. Where does it finish?                                                                                                    	add-rational -15/10 22/7	quantity.add-rational	quantity.add-rational -15/10 22/7	result 23/14	kernel committed result 23/14	implicit	0
q34-confirm/038	quantity	quantity channel has no prior committed result	A fixed mass marked 469 kg needs a g label. What number is printed?                                                                                                             	convert 469 kg-to-g	quantity.convert	quantity.convert 469 kg-to-g	result 469000 g	kernel committed result 469000 g	implicit	0
q34-confirm/039	quantity	quantity channel has no prior committed result	A number substituted for x makes 9*x+19 and -602 identical. Which number?                                                                                                       	solve 9*x+19=-602	quantity.solve-linear	quantity.solve-linear 9 19 -602	x -69	kernel committed x -69	implicit	0
q34-confirm/040	quantity	quantity channel has no prior committed result	How much does 470 plus 582 produce?                                                                                                                                             	add 470 582	quantity.add	quantity.add 470 582	result 1052	kernel committed result 1052	lexical	1
q34-confirm/041	quantity	quantity channel has no prior committed result	How much does 83 times 70 produce?                                                                                                                                              	multiply 83 70	quantity.multiply	quantity.multiply 83 70	result 5810	kernel committed result 5810	lexical	1
q34-confirm/042	quantity	quantity channel has no prior committed result	How much does fraction -11/18 plus fraction -11/21 produce?                                                                                                                     	add-rational -11/18 -11/21	quantity.add-rational	quantity.add-rational -11/18 -11/21	result -143/126	kernel committed result -143/126	lexical	1
q34-confirm/043	quantity	quantity channel has no prior committed result	How many millimeters represent 595 centimeters?                                                                                                                                 	convert 595 cm-to-mm	quantity.convert	quantity.convert 595 cm-to-mm	result 5950 mm	kernel committed result 5950 mm	lexical	1
q34-confirm/044	quantity	quantity channel has no prior committed result	How much must x be for 11*x+81 to produce 576?                                                                                                                                  	solve 11*x+81=576	quantity.solve-linear	quantity.solve-linear 11 81 576	x 45	kernel committed x 45	lexical	1
q34-confirm/045	quantity	quantity channel has no prior committed result	The first signed contribution is -847; the second is 149. What is the net amount?                                                                                               	add -847 149	quantity.add	quantity.add -847 149	result -698	kernel committed result -698	implicit	1
q34-confirm/046	quantity	quantity channel has no prior committed result	An operator repeats the scale -19 across value 16. What comes out?                                                                                                              	multiply -19 16	quantity.multiply	quantity.multiply -19 16	result -304	kernel committed result -304	implicit	1
q34-confirm/047	quantity	quantity channel has no prior committed result	The first fractional contribution is 22/6; the second is 5/2. What is the net amount?                                                                                           	add-rational 22/6 5/2	quantity.add-rational	quantity.add-rational 22/6 5/2	result 37/6	kernel committed result 37/6	implicit	1
q34-confirm/048	quantity	quantity channel has no prior committed result	The length stays identical while m is replaced by cm. Starting from 965, what is shown?                                                                                         	convert 965 m-to-cm	quantity.convert	quantity.convert 965 m-to-cm	result 96500 cm	kernel committed result 96500 cm	implicit	1
q34-confirm/049	quantity	quantity channel has no prior committed result	The left side 8*x+-74 must land exactly on -474. What x does that?                                                                                                              	solve 8*x+-74=-474	quantity.solve-linear	quantity.solve-linear 8 -74 -474	x -50	kernel committed x -50	implicit	1
q34-confirm/050	quantity	quantity channel has no prior committed result	Combine the signed pair 151, 502 into a total.                                                                                                                                  	add 151 502	quantity.add	quantity.add 151 502	result 653	kernel committed result 653	lexical	2
q34-confirm/051	quantity	quantity channel has no prior committed result	Apply factor 96 to 58 and report the result.                                                                                                                                    	multiply 96 58	quantity.multiply	quantity.multiply 96 58	result 5568	kernel committed result 5568	lexical	2
q34-confirm/052	quantity	quantity channel has no prior committed result	Combine rational pair 3/8, 23/12 into one value.                                                                                                                                	add-rational 3/8 23/12	quantity.add-rational	quantity.add-rational 3/8 23/12	result 55/24	kernel committed result 55/24	lexical	2
q34-confirm/053	quantity	quantity channel has no prior committed result	Change only the unit notation of 631 centimeters to millimeters.                                                                                                                	convert 631 cm-to-mm	quantity.convert	quantity.convert 631 cm-to-mm	result 6310 mm	kernel committed result 6310 mm	lexical	2
q34-confirm/054	quantity	quantity channel has no prior committed result	Determine the unknown in the relation 18*x+44=836.                                                                                                                              	solve 18*x+44=836	quantity.solve-linear	quantity.solve-linear 18 44 836	x 44	kernel committed x 44	lexical	2
q34-confirm/055	quantity	quantity channel has no prior committed result	After a balance of 149 receives 465, what balance remains?                                                                                                                      	add 149 465	quantity.add	quantity.add 149 465	result 614	kernel committed result 614	implicit	2
q34-confirm/056	quantity	quantity channel has no prior committed result	A signed rate 46 spans -59 intervals. What accumulated amount appears?                                                                                                          	multiply 46 -59	quantity.multiply	quantity.multiply 46 -59	result -2714	kernel committed result -2714	implicit	2
q34-confirm/057	quantity	quantity channel has no prior committed result	After a rational balance of -2/15 receives 12/6, what balance remains?                                                                                                          	add-rational -2/15 12/6	quantity.add-rational	quantity.add-rational -2/15 12/6	result 28/15	kernel committed result 28/15	implicit	2
q34-confirm/058	quantity	quantity channel has no prior committed result	Two labels describe one amount: one is 514 meters; what is the centimeters label?                                                                                               	convert 514 m-to-cm	quantity.convert	quantity.convert 514 m-to-cm	result 51400 cm	kernel committed result 51400 cm	implicit	2
q34-confirm/059	quantity	quantity channel has no prior committed result	Balance the statement 12*x+-9=-513 by choosing x.                                                                                                                               	solve 12*x+-9=-513	quantity.solve-linear	quantity.solve-linear 12 -9 -513	x -42	kernel committed x -42	implicit	2
q34-confirm/060	quantity	quantity channel has no prior committed result	Provide the arithmetic sum for 441 together with -383.                                                                                                                                          	add 441 -383	quantity.add	quantity.add 441 -383	result 58	kernel committed result 58	lexical	0
q34-confirm/061	quantity	quantity channel has no prior committed result	Provide the arithmetic product for -84 together with 96.                                                                                                                                        	multiply -84 96	quantity.multiply	quantity.multiply -84 96	result -8064	kernel committed result -8064	lexical	0
q34-confirm/062	quantity	quantity channel has no prior committed result	Provide the reduced rational sum for 5/13 together with -5/24.                                                                                                                                  	add-rational 5/13 -5/24	quantity.add-rational	quantity.add-rational 5/13 -5/24	result 55/312	kernel committed result 55/312	lexical	0
q34-confirm/063	quantity	quantity channel has no prior committed result	Provide the millimeters equivalent for 464 centimeters.                                                                                                                                         	convert 464 cm-to-mm	quantity.convert	quantity.convert 464 cm-to-mm	result 4640 mm	kernel committed result 4640 mm	lexical	0
q34-confirm/064	quantity	quantity channel has no prior committed result	Provide the root x for 18*x+-24=570.                                                                                                                                                            	solve 18*x+-24=570	quantity.solve-linear	quantity.solve-linear 18 -24 570	x 33	kernel committed x 33	lexical	0
q34-confirm/065	quantity	quantity channel has no prior committed result	A counter begins at -413 and shifts 651. Where does it finish?                                                                                                                                  	add -413 651	quantity.add	quantity.add -413 651	result 238	kernel committed result 238	implicit	0
q34-confirm/066	quantity	quantity channel has no prior committed result	A signed area uses width -92 and height 67. What area results?                                                                                                                                  	multiply -92 67	quantity.multiply	quantity.multiply -92 67	result -6164	kernel committed result -6164	implicit	0
q34-confirm/067	quantity	quantity channel has no prior committed result	A fractional counter begins at 24/17 and shifts 7/2. Where does it finish?                                                                                                                      	add-rational 24/17 7/2	quantity.add-rational	quantity.add-rational 24/17 7/2	result 167/34	kernel committed result 167/34	implicit	0
q34-confirm/068	quantity	quantity channel has no prior committed result	A fixed length marked 609 cm needs a mm label. What number is printed?                                                                                                                          	convert 609 cm-to-mm	quantity.convert	quantity.convert 609 cm-to-mm	result 6090 mm	kernel committed result 6090 mm	implicit	0
q34-confirm/069	quantity	quantity channel has no prior committed result	A number substituted for x makes 17*x+-40 and -1247 identical. Which number?                                                                                                                    	solve 17*x+-40=-1247	quantity.solve-linear	quantity.solve-linear 17 -40 -1247	x -71	kernel committed x -71	implicit	0
q34-confirm/070	quantity	quantity channel has no prior committed result	How much does -772 plus 570 produce?                                                                                                                                                            	add -772 570	quantity.add	quantity.add -772 570	result -202	kernel committed result -202	lexical	1
q34-confirm/071	quantity	quantity channel has no prior committed result	How much does 35 times 39 produce?                                                                                                                                                              	multiply 35 39	quantity.multiply	quantity.multiply 35 39	result 1365	kernel committed result 1365	lexical	1
q34-confirm/072	quantity	quantity channel has no prior committed result	How much does fraction -8/1 plus fraction -22/7 produce?                                                                                                                                        	add-rational -8/1 -22/7	quantity.add-rational	quantity.add-rational -8/1 -22/7	result -78/7	kernel committed result -78/7	lexical	1
q34-confirm/073	quantity	quantity channel has no prior committed result	How many grams represent 638 kilograms?                                                                                                                                                         	convert 638 kg-to-g	quantity.convert	quantity.convert 638 kg-to-g	result 638000 g	kernel committed result 638000 g	lexical	1
q34-confirm/074	quantity	quantity channel has no prior committed result	How much must x be for 16*x+-2 to produce -322?                                                                                                                                                 	solve 16*x+-2=-322	quantity.solve-linear	quantity.solve-linear 16 -2 -322	x -20	kernel committed x -20	lexical	1
q34-confirm/075	quantity	quantity channel has no prior committed result	The first signed contribution is -373; the second is -419. What is the net amount?                                                                                                              	add -373 -419	quantity.add	quantity.add -373 -419	result -792	kernel committed result -792	implicit	1
q34-confirm/076	quantity	quantity channel has no prior committed result	An operator repeats the scale 59 across value -90. What comes out?                                                                                                                              	multiply 59 -90	quantity.multiply	quantity.multiply 59 -90	result -5310	kernel committed result -5310	implicit	1
q34-confirm/077	quantity	quantity channel has no prior committed result	The first fractional contribution is -9/22; the second is -9/6. What is the net amount?                                                                                                         	add-rational -9/22 -9/6	quantity.add-rational	quantity.add-rational -9/22 -9/6	result -21/11	kernel committed result -21/11	implicit	1
q34-confirm/078	quantity	quantity channel has no prior committed result	The length stays identical while m is replaced by cm. Starting from 985, what is shown?                                                                                                         	convert 985 m-to-cm	quantity.convert	quantity.convert 985 m-to-cm	result 98500 cm	kernel committed result 98500 cm	implicit	1
q34-confirm/079	quantity	quantity channel has no prior committed result	The left side 11*x+-78 must land exactly on 692. What x does that?                                                                                                                              	solve 11*x+-78=692	quantity.solve-linear	quantity.solve-linear 11 -78 692	x 70	kernel committed x 70	implicit	1
q34-confirm/080	quantity	quantity channel has no prior committed result	Combine the signed pair -475, -617 into a total.                                                                                                                                                	add -475 -617	quantity.add	quantity.add -475 -617	result -1092	kernel committed result -1092	lexical	2
q34-confirm/081	quantity	quantity channel has no prior committed result	Apply factor -11 to -77 and report the result.                                                                                                                                                  	multiply -11 -77	quantity.multiply	quantity.multiply -11 -77	result 847	kernel committed result 847	lexical	2
q34-confirm/082	quantity	quantity channel has no prior committed result	Combine rational pair -11/5, 10/4 into one value.                                                                                                                                               	add-rational -11/5 10/4	quantity.add-rational	quantity.add-rational -11/5 10/4	result 3/10	kernel committed result 3/10	lexical	2
q34-confirm/083	quantity	quantity channel has no prior committed result	Change only the unit notation of 755 meters to centimeters.                                                                                                                                     	convert 755 m-to-cm	quantity.convert	quantity.convert 755 m-to-cm	result 75500 cm	kernel committed result 75500 cm	lexical	2
q34-confirm/084	quantity	quantity channel has no prior committed result	Determine the unknown in the relation 2*x+18=-92.                                                                                                                                               	solve 2*x+18=-92	quantity.solve-linear	quantity.solve-linear 2 18 -92	x -55	kernel committed x -55	lexical	2
q34-confirm/085	quantity	quantity channel has no prior committed result	After a balance of -511 receives -700, what balance remains?                                                                                                                                    	add -511 -700	quantity.add	quantity.add -511 -700	result -1211	kernel committed result -1211	implicit	2
q34-confirm/086	quantity	quantity channel has no prior committed result	A signed rate -17 spans 84 intervals. What accumulated amount appears?                                                                                                                          	multiply -17 84	quantity.multiply	quantity.multiply -17 84	result -1428	kernel committed result -1428	implicit	2
q34-confirm/087	quantity	quantity channel has no prior committed result	After a rational balance of -13/7 receives -10/8, what balance remains?                                                                                                                         	add-rational -13/7 -10/8	quantity.add-rational	quantity.add-rational -13/7 -10/8	result -87/28	kernel committed result -87/28	implicit	2
q34-confirm/088	quantity	quantity channel has no prior committed result	Two labels describe one amount: one is 460 centimeters; what is the millimeters label?                                                                                                          	convert 460 cm-to-mm	quantity.convert	quantity.convert 460 cm-to-mm	result 4600 mm	kernel committed result 4600 mm	implicit	2
q34-confirm/089	quantity	quantity channel has no prior committed result	Balance the statement 7*x+75=488 by choosing x.                                                                                                                                                 	solve 7*x+75=488	quantity.solve-linear	quantity.solve-linear 7 75 488	x 59	kernel committed x 59	implicit	2
q34-confirm/090	quantity	quantity channel has no prior committed result	Provide the arithmetic sum for 655 together with -135.                                                                                                                                                          	add 655 -135	quantity.add	quantity.add 655 -135	result 520	kernel committed result 520	lexical	0
q34-confirm/091	quantity	quantity channel has no prior committed result	Provide the arithmetic product for 93 together with 58.                                                                                                                                                         	multiply 93 58	quantity.multiply	quantity.multiply 93 58	result 5394	kernel committed result 5394	lexical	0
q34-confirm/092	quantity	quantity channel has no prior committed result	Provide the reduced rational sum for 19/9 together with -24/9.                                                                                                                                                  	add-rational 19/9 -24/9	quantity.add-rational	quantity.add-rational 19/9 -24/9	result -5/9	kernel committed result -5/9	lexical	0
q34-confirm/093	quantity	quantity channel has no prior committed result	Provide the centimeters equivalent for 60 meters.                                                                                                                                                               	convert 60 m-to-cm	quantity.convert	quantity.convert 60 m-to-cm	result 6000 cm	kernel committed result 6000 cm	lexical	0
q34-confirm/094	quantity	quantity channel has no prior committed result	Provide the root x for 15*x+36=-1224.                                                                                                                                                                           	solve 15*x+36=-1224	quantity.solve-linear	quantity.solve-linear 15 36 -1224	x -84	kernel committed x -84	lexical	0
q34-confirm/095	quantity	quantity channel has no prior committed result	A counter begins at 708 and shifts -726. Where does it finish?                                                                                                                                                  	add 708 -726	quantity.add	quantity.add 708 -726	result -18	kernel committed result -18	implicit	0
q34-confirm/096	quantity	quantity channel has no prior committed result	A signed area uses width -96 and height 76. What area results?                                                                                                                                                  	multiply -96 76	quantity.multiply	quantity.multiply -96 76	result -7296	kernel committed result -7296	implicit	0
q34-confirm/097	quantity	quantity channel has no prior committed result	A fractional counter begins at -13/5 and shifts -6/9. Where does it finish?                                                                                                                                     	add-rational -13/5 -6/9	quantity.add-rational	quantity.add-rational -13/5 -6/9	result -49/15	kernel committed result -49/15	implicit	0
q34-confirm/098	quantity	quantity channel has no prior committed result	A fixed mass marked 27 kg needs a g label. What number is printed?                                                                                                                                              	convert 27 kg-to-g	quantity.convert	quantity.convert 27 kg-to-g	result 27000 g	kernel committed result 27000 g	implicit	0
q34-confirm/099	quantity	quantity channel has no prior committed result	A number substituted for x makes 14*x+35 and 1253 identical. Which number?                                                                                                                                      	solve 14*x+35=1253	quantity.solve-linear	quantity.solve-linear 14 35 1253	x 87	kernel committed x 87	implicit	0
q34-confirm/100	quantity	quantity channel has no prior committed result	How much does 42 plus -929 produce?                                                                                                                                                                             	add 42 -929	quantity.add	quantity.add 42 -929	result -887	kernel committed result -887	lexical	1
q34-confirm/101	quantity	quantity channel has no prior committed result	How much does 96 times -48 produce?                                                                                                                                                                             	multiply 96 -48	quantity.multiply	quantity.multiply 96 -48	result -4608	kernel committed result -4608	lexical	1
q34-confirm/102	quantity	quantity channel has no prior committed result	How much does fraction 0/24 plus fraction -20/9 produce?                                                                                                                                                        	add-rational 0/24 -20/9	quantity.add-rational	quantity.add-rational 0/24 -20/9	result -20/9	kernel committed result -20/9	lexical	1
q34-confirm/103	quantity	quantity channel has no prior committed result	How many millimeters represent 883 centimeters?                                                                                                                                                                 	convert 883 cm-to-mm	quantity.convert	quantity.convert 883 cm-to-mm	result 8830 mm	kernel committed result 8830 mm	lexical	1
q34-confirm/104	quantity	quantity channel has no prior committed result	How much must x be for 5*x+-93 to produce -23?                                                                                                                                                                  	solve 5*x+-93=-23	quantity.solve-linear	quantity.solve-linear 5 -93 -23	x 14	kernel committed x 14	lexical	1
q34-confirm/105	quantity	quantity channel has no prior committed result	The first signed contribution is -3; the second is 617. What is the net amount?                                                                                                                                 	add -3 617	quantity.add	quantity.add -3 617	result 614	kernel committed result 614	implicit	1
q34-confirm/106	quantity	quantity channel has no prior committed result	An operator repeats the scale -3 across value 12. What comes out?                                                                                                                                               	multiply -3 12	quantity.multiply	quantity.multiply -3 12	result -36	kernel committed result -36	implicit	1
q34-confirm/107	quantity	quantity channel has no prior committed result	The first fractional contribution is -5/21; the second is 13/19. What is the net amount?                                                                                                                        	add-rational -5/21 13/19	quantity.add-rational	quantity.add-rational -5/21 13/19	result 178/399	kernel committed result 178/399	implicit	1
q34-confirm/108	quantity	quantity channel has no prior committed result	The length stays identical while cm is replaced by mm. Starting from 823, what is shown?                                                                                                                        	convert 823 cm-to-mm	quantity.convert	quantity.convert 823 cm-to-mm	result 8230 mm	kernel committed result 8230 mm	implicit	1
q34-confirm/109	quantity	quantity channel has no prior committed result	The left side 4*x+-61 must land exactly on 179. What x does that?                                                                                                                                               	solve 4*x+-61=179	quantity.solve-linear	quantity.solve-linear 4 -61 179	x 60	kernel committed x 60	implicit	1
q34-confirm/110	quantity	quantity channel has no prior committed result	Combine the signed pair 858, 859 into a total.                                                                                                                                                                  	add 858 859	quantity.add	quantity.add 858 859	result 1717	kernel committed result 1717	lexical	2
q34-confirm/111	quantity	quantity channel has no prior committed result	Apply factor -60 to -76 and report the result.                                                                                                                                                                  	multiply -60 -76	quantity.multiply	quantity.multiply -60 -76	result 4560	kernel committed result 4560	lexical	2
q34-confirm/112	quantity	quantity channel has no prior committed result	Combine rational pair 17/8, 6/19 into one value.                                                                                                                                                                	add-rational 17/8 6/19	quantity.add-rational	quantity.add-rational 17/8 6/19	result 371/152	kernel committed result 371/152	lexical	2
q34-confirm/113	quantity	quantity channel has no prior committed result	Change only the unit notation of 18 kilograms to grams.                                                                                                                                                         	convert 18 kg-to-g	quantity.convert	quantity.convert 18 kg-to-g	result 18000 g	kernel committed result 18000 g	lexical	2
q34-confirm/114	quantity	quantity channel has no prior committed result	Determine the unknown in the relation 9*x+-6=102.                                                                                                                                                               	solve 9*x+-6=102	quantity.solve-linear	quantity.solve-linear 9 -6 102	x 12	kernel committed x 12	lexical	2
q34-confirm/115	quantity	quantity channel has no prior committed result	After a balance of -169 receives -419, what balance remains?                                                                                                                                                    	add -169 -419	quantity.add	quantity.add -169 -419	result -588	kernel committed result -588	implicit	2
q34-confirm/116	quantity	quantity channel has no prior committed result	A signed rate -37 spans -44 intervals. What accumulated amount appears?                                                                                                                                         	multiply -37 -44	quantity.multiply	quantity.multiply -37 -44	result 1628	kernel committed result 1628	implicit	2
q34-confirm/117	quantity	quantity channel has no prior committed result	After a rational balance of -11/2 receives 5/6, what balance remains?                                                                                                                                           	add-rational -11/2 5/6	quantity.add-rational	quantity.add-rational -11/2 5/6	result -14/3	kernel committed result -14/3	implicit	2
q34-confirm/118	quantity	quantity channel has no prior committed result	Two labels describe one amount: one is 999 kilograms; what is the grams label?                                                                                                                                  	convert 999 kg-to-g	quantity.convert	quantity.convert 999 kg-to-g	result 999000 g	kernel committed result 999000 g	implicit	2
q34-confirm/119	quantity	quantity channel has no prior committed result	Balance the statement 15*x+10=1135 by choosing x.                                                                                                                                                               	solve 15*x+10=1135	quantity.solve-linear	quantity.solve-linear 15 10 1135	x 75	kernel committed x 75	implicit	2
q34-confirm/120	quantity	quantity channel has no prior committed result	Provide the arithmetic sum for -712 together with 923.                                                                                                                                                                          	add -712 923	quantity.add	quantity.add -712 923	result 211	kernel committed result 211	lexical	0
q34-confirm/121	quantity	quantity channel has no prior committed result	Provide the arithmetic product for 95 together with 94.                                                                                                                                                                         	multiply 95 94	quantity.multiply	quantity.multiply 95 94	result 8930	kernel committed result 8930	lexical	0
q34-confirm/122	quantity	quantity channel has no prior committed result	Provide the reduced rational sum for 17/5 together with -19/18.                                                                                                                                                                 	add-rational 17/5 -19/18	quantity.add-rational	quantity.add-rational 17/5 -19/18	result 211/90	kernel committed result 211/90	lexical	0
q34-confirm/123	quantity	quantity channel has no prior committed result	Provide the centimeters equivalent for 28 meters.                                                                                                                                                                               	convert 28 m-to-cm	quantity.convert	quantity.convert 28 m-to-cm	result 2800 cm	kernel committed result 2800 cm	lexical	0
q34-confirm/124	quantity	quantity channel has no prior committed result	Provide the root x for 22*x+51=909.                                                                                                                                                                                             	solve 22*x+51=909	quantity.solve-linear	quantity.solve-linear 22 51 909	x 39	kernel committed x 39	lexical	0
q34-confirm/125	quantity	quantity channel has no prior committed result	A counter begins at -905 and shifts -382. Where does it finish?                                                                                                                                                                 	add -905 -382	quantity.add	quantity.add -905 -382	result -1287	kernel committed result -1287	implicit	0
q34-confirm/126	quantity	quantity channel has no prior committed result	A signed area uses width -24 and height -6. What area results?                                                                                                                                                                  	multiply -24 -6	quantity.multiply	quantity.multiply -24 -6	result 144	kernel committed result 144	implicit	0
q34-confirm/127	quantity	quantity channel has no prior committed result	A fractional counter begins at 4/7 and shifts -10/20. Where does it finish?                                                                                                                                                     	add-rational 4/7 -10/20	quantity.add-rational	quantity.add-rational 4/7 -10/20	result 1/14	kernel committed result 1/14	implicit	0
q34-confirm/128	quantity	quantity channel has no prior committed result	A fixed mass marked 237 kg needs a g label. What number is printed?                                                                                                                                                             	convert 237 kg-to-g	quantity.convert	quantity.convert 237 kg-to-g	result 237000 g	kernel committed result 237000 g	implicit	0
q34-confirm/129	quantity	quantity channel has no prior committed result	A number substituted for x makes 4*x+-31 and -87 identical. Which number?                                                                                                                                                       	solve 4*x+-31=-87	quantity.solve-linear	quantity.solve-linear 4 -31 -87	x -14	kernel committed x -14	implicit	0
q34-confirm/130	quantity	quantity channel has no prior committed result	How much does -716 plus -477 produce?                                                                                                                                                                                           	add -716 -477	quantity.add	quantity.add -716 -477	result -1193	kernel committed result -1193	lexical	1
q34-confirm/131	quantity	quantity channel has no prior committed result	How much does 91 times 28 produce?                                                                                                                                                                                              	multiply 91 28	quantity.multiply	quantity.multiply 91 28	result 2548	kernel committed result 2548	lexical	1
q34-confirm/132	quantity	quantity channel has no prior committed result	How much does fraction -2/15 plus fraction -1/23 produce?                                                                                                                                                                       	add-rational -2/15 -1/23	quantity.add-rational	quantity.add-rational -2/15 -1/23	result -61/345	kernel committed result -61/345	lexical	1
q34-confirm/133	quantity	quantity channel has no prior committed result	How many centimeters represent 31 meters?                                                                                                                                                                                       	convert 31 m-to-cm	quantity.convert	quantity.convert 31 m-to-cm	result 3100 cm	kernel committed result 3100 cm	lexical	1
q34-confirm/134	quantity	quantity channel has no prior committed result	How much must x be for 24*x+-48 to produce 1728?                                                                                                                                                                                	solve 24*x+-48=1728	quantity.solve-linear	quantity.solve-linear 24 -48 1728	x 74	kernel committed x 74	lexical	1
q34-confirm/135	quantity	quantity channel has no prior committed result	The first signed contribution is 237; the second is -711. What is the net amount?                                                                                                                                               	add 237 -711	quantity.add	quantity.add 237 -711	result -474	kernel committed result -474	implicit	1
q34-confirm/136	quantity	quantity channel has no prior committed result	An operator repeats the scale -67 across value -43. What comes out?                                                                                                                                                             	multiply -67 -43	quantity.multiply	quantity.multiply -67 -43	result 2881	kernel committed result 2881	implicit	1
q34-confirm/137	quantity	quantity channel has no prior committed result	The first fractional contribution is 7/10; the second is 7/7. What is the net amount?                                                                                                                                           	add-rational 7/10 7/7	quantity.add-rational	quantity.add-rational 7/10 7/7	result 17/10	kernel committed result 17/10	implicit	1
q34-confirm/138	quantity	quantity channel has no prior committed result	The mass stays identical while kg is replaced by g. Starting from 770, what is shown?                                                                                                                                           	convert 770 kg-to-g	quantity.convert	quantity.convert 770 kg-to-g	result 770000 g	kernel committed result 770000 g	implicit	1
q34-confirm/139	quantity	quantity channel has no prior committed result	The left side 18*x+74 must land exactly on -988. What x does that?                                                                                                                                                              	solve 18*x+74=-988	quantity.solve-linear	quantity.solve-linear 18 74 -988	x -59	kernel committed x -59	implicit	1
q34-confirm/140	quantity	quantity channel has no prior committed result	Combine the signed pair 815, -308 into a total.                                                                                                                                                                                 	add 815 -308	quantity.add	quantity.add 815 -308	result 507	kernel committed result 507	lexical	2
q34-confirm/141	quantity	quantity channel has no prior committed result	Apply factor 53 to -34 and report the result.                                                                                                                                                                                   	multiply 53 -34	quantity.multiply	quantity.multiply 53 -34	result -1802	kernel committed result -1802	lexical	2
q34-confirm/142	quantity	quantity channel has no prior committed result	Combine rational pair -19/3, -23/24 into one value.                                                                                                                                                                             	add-rational -19/3 -23/24	quantity.add-rational	quantity.add-rational -19/3 -23/24	result -175/24	kernel committed result -175/24	lexical	2
q34-confirm/143	quantity	quantity channel has no prior committed result	Change only the unit notation of 4 centimeters to millimeters.                                                                                                                                                                  	convert 4 cm-to-mm	quantity.convert	quantity.convert 4 cm-to-mm	result 40 mm	kernel committed result 40 mm	lexical	2
q34-confirm/144	quantity	quantity channel has no prior committed result	Determine the unknown in the relation 21*x+-14=-35.                                                                                                                                                                             	solve 21*x+-14=-35	quantity.solve-linear	quantity.solve-linear 21 -14 -35	x -1	kernel committed x -1	lexical	2
q34-confirm/145	quantity	quantity channel has no prior committed result	After a balance of 904 receives 756, what balance remains?                                                                                                                                                                      	add 904 756	quantity.add	quantity.add 904 756	result 1660	kernel committed result 1660	implicit	2
q34-confirm/146	quantity	quantity channel has no prior committed result	A signed rate -94 spans -10 intervals. What accumulated amount appears?                                                                                                                                                         	multiply -94 -10	quantity.multiply	quantity.multiply -94 -10	result 940	kernel committed result 940	implicit	2
q34-confirm/147	quantity	quantity channel has no prior committed result	After a rational balance of -24/4 receives 1/10, what balance remains?                                                                                                                                                          	add-rational -24/4 1/10	quantity.add-rational	quantity.add-rational -24/4 1/10	result -59/10	kernel committed result -59/10	implicit	2
q34-confirm/148	quantity	quantity channel has no prior committed result	Two labels describe one amount: one is 550 centimeters; what is the millimeters label?                                                                                                                                          	convert 550 cm-to-mm	quantity.convert	quantity.convert 550 cm-to-mm	result 5500 mm	kernel committed result 5500 mm	implicit	2
q34-confirm/149	quantity	quantity channel has no prior committed result	Balance the statement 1*x+-26=-47 by choosing x.                                                                                                                                                                                	solve 1*x+-26=-47	quantity.solve-linear	quantity.solve-linear 1 -26 -47	x -21	kernel committed x -21	implicit	2
q34-confirm/150	quantity	quantity channel has no prior committed result	Provide the arithmetic sum for -741 together with -124.                                                                                                         	add -741 -124	quantity.add	quantity.add -741 -124	result -865	kernel committed result -865	lexical	0
q34-confirm/151	quantity	quantity channel has no prior committed result	Provide the arithmetic product for -76 together with -52.                                                                                                       	multiply -76 -52	quantity.multiply	quantity.multiply -76 -52	result 3952	kernel committed result 3952	lexical	0
q34-confirm/152	quantity	quantity channel has no prior committed result	Provide the reduced rational sum for 6/8 together with 23/13.                                                                                                   	add-rational 6/8 23/13	quantity.add-rational	quantity.add-rational 6/8 23/13	result 131/52	kernel committed result 131/52	lexical	0
q34-confirm/153	quantity	quantity channel has no prior committed result	Provide the centimeters equivalent for 301 meters.                                                                                                              	convert 301 m-to-cm	quantity.convert	quantity.convert 301 m-to-cm	result 30100 cm	kernel committed result 30100 cm	lexical	0
q34-confirm/154	quantity	quantity channel has no prior committed result	Provide the root x for 6*x+50=-4.                                                                                                                               	solve 6*x+50=-4	quantity.solve-linear	quantity.solve-linear 6 50 -4	x -9	kernel committed x -9	lexical	0
q34-confirm/155	quantity	quantity channel has no prior committed result	A counter begins at 275 and shifts -221. Where does it finish?                                                                                                  	add 275 -221	quantity.add	quantity.add 275 -221	result 54	kernel committed result 54	implicit	0
q34-confirm/156	quantity	quantity channel has no prior committed result	A signed area uses width -78 and height 92. What area results?                                                                                                  	multiply -78 92	quantity.multiply	quantity.multiply -78 92	result -7176	kernel committed result -7176	implicit	0
q34-confirm/157	quantity	quantity channel has no prior committed result	A fractional counter begins at -21/19 and shifts 2/17. Where does it finish?                                                                                    	add-rational -21/19 2/17	quantity.add-rational	quantity.add-rational -21/19 2/17	result -319/323	kernel committed result -319/323	implicit	0
q34-confirm/158	quantity	quantity channel has no prior committed result	A fixed length marked 716 cm needs a mm label. What number is printed?                                                                                          	convert 716 cm-to-mm	quantity.convert	quantity.convert 716 cm-to-mm	result 7160 mm	kernel committed result 7160 mm	implicit	0
q34-confirm/159	quantity	quantity channel has no prior committed result	A number substituted for x makes 20*x+97 and 497 identical. Which number?                                                                                       	solve 20*x+97=497	quantity.solve-linear	quantity.solve-linear 20 97 497	x 20	kernel committed x 20	implicit	0
q34-confirm/160	quantity	quantity channel has no prior committed result	How much does 58 plus -41 produce?                                                                                                                              	add 58 -41	quantity.add	quantity.add 58 -41	result 17	kernel committed result 17	lexical	1
q34-confirm/161	quantity	quantity channel has no prior committed result	How much does 80 times -21 produce?                                                                                                                             	multiply 80 -21	quantity.multiply	quantity.multiply 80 -21	result -1680	kernel committed result -1680	lexical	1
q34-confirm/162	quantity	quantity channel has no prior committed result	How much does fraction 13/2 plus fraction -7/21 produce?                                                                                                        	add-rational 13/2 -7/21	quantity.add-rational	quantity.add-rational 13/2 -7/21	result 37/6	kernel committed result 37/6	lexical	1
q34-confirm/163	quantity	quantity channel has no prior committed result	How many grams represent 356 kilograms?                                                                                                                         	convert 356 kg-to-g	quantity.convert	quantity.convert 356 kg-to-g	result 356000 g	kernel committed result 356000 g	lexical	1
q34-confirm/164	quantity	quantity channel has no prior committed result	How much must x be for 10*x+56 to produce -774?                                                                                                                 	solve 10*x+56=-774	quantity.solve-linear	quantity.solve-linear 10 56 -774	x -83	kernel committed x -83	lexical	1
q34-confirm/165	quantity	quantity channel has no prior committed result	The first signed contribution is -813; the second is 309. What is the net amount?                                                                               	add -813 309	quantity.add	quantity.add -813 309	result -504	kernel committed result -504	implicit	1
q34-confirm/166	quantity	quantity channel has no prior committed result	An operator repeats the scale 2 across value 51. What comes out?                                                                                                	multiply 2 51	quantity.multiply	quantity.multiply 2 51	result 102	kernel committed result 102	implicit	1
q34-confirm/167	quantity	quantity channel has no prior committed result	The first fractional contribution is -21/24; the second is -7/18. What is the net amount?                                                                       	add-rational -21/24 -7/18	quantity.add-rational	quantity.add-rational -21/24 -7/18	result -91/72	kernel committed result -91/72	implicit	1
q34-confirm/168	quantity	quantity channel has no prior committed result	The mass stays identical while kg is replaced by g. Starting from 204, what is shown?                                                                           	convert 204 kg-to-g	quantity.convert	quantity.convert 204 kg-to-g	result 204000 g	kernel committed result 204000 g	implicit	1
q34-confirm/169	quantity	quantity channel has no prior committed result	The left side 14*x+92 must land exactly on 512. What x does that?                                                                                               	solve 14*x+92=512	quantity.solve-linear	quantity.solve-linear 14 92 512	x 30	kernel committed x 30	implicit	1
q34-confirm/170	quantity	quantity channel has no prior committed result	Combine the signed pair -381, -773 into a total.                                                                                                                	add -381 -773	quantity.add	quantity.add -381 -773	result -1154	kernel committed result -1154	lexical	2
q34-confirm/171	quantity	quantity channel has no prior committed result	Apply factor 91 to 72 and report the result.                                                                                                                    	multiply 91 72	quantity.multiply	quantity.multiply 91 72	result 6552	kernel committed result 6552	lexical	2
q34-confirm/172	quantity	quantity channel has no prior committed result	Combine rational pair -11/9, 2/5 into one value.                                                                                                                	add-rational -11/9 2/5	quantity.add-rational	quantity.add-rational -11/9 2/5	result -37/45	kernel committed result -37/45	lexical	2
q34-confirm/173	quantity	quantity channel has no prior committed result	Change only the unit notation of 541 meters to centimeters.                                                                                                     	convert 541 m-to-cm	quantity.convert	quantity.convert 541 m-to-cm	result 54100 cm	kernel committed result 54100 cm	lexical	2
q34-confirm/174	quantity	quantity channel has no prior committed result	Determine the unknown in the relation 6*x+48=168.                                                                                                               	solve 6*x+48=168	quantity.solve-linear	quantity.solve-linear 6 48 168	x 20	kernel committed x 20	lexical	2
q34-confirm/175	quantity	quantity channel has no prior committed result	After a balance of -889 receives 193, what balance remains?                                                                                                     	add -889 193	quantity.add	quantity.add -889 193	result -696	kernel committed result -696	implicit	2
q34-confirm/176	quantity	quantity channel has no prior committed result	A signed rate -11 spans -11 intervals. What accumulated amount appears?                                                                                         	multiply -11 -11	quantity.multiply	quantity.multiply -11 -11	result 121	kernel committed result 121	implicit	2
q34-confirm/177	quantity	quantity channel has no prior committed result	After a rational balance of -11/12 receives 24/4, what balance remains?                                                                                         	add-rational -11/12 24/4	quantity.add-rational	quantity.add-rational -11/12 24/4	result 61/12	kernel committed result 61/12	implicit	2
q34-confirm/178	quantity	quantity channel has no prior committed result	Two labels describe one amount: one is 564 meters; what is the centimeters label?                                                                               	convert 564 m-to-cm	quantity.convert	quantity.convert 564 m-to-cm	result 56400 cm	kernel committed result 56400 cm	implicit	2
q34-confirm/179	quantity	quantity channel has no prior committed result	Balance the statement 22*x+89=-2001 by choosing x.                                                                                                              	solve 22*x+89=-2001	quantity.solve-linear	quantity.solve-linear 22 89 -2001	x -95	kernel committed x -95	implicit	2
q34-confirm/180	quantity	quantity channel has no prior committed result	Provide the arithmetic sum for 957 together with -274.                                                                                                                          	add 957 -274	quantity.add	quantity.add 957 -274	result 683	kernel committed result 683	lexical	0
q34-confirm/181	quantity	quantity channel has no prior committed result	Provide the arithmetic product for 92 together with -61.                                                                                                                        	multiply 92 -61	quantity.multiply	quantity.multiply 92 -61	result -5612	kernel committed result -5612	lexical	0
q34-confirm/182	quantity	quantity channel has no prior committed result	Provide the reduced rational sum for -5/17 together with -10/15.                                                                                                                	add-rational -5/17 -10/15	quantity.add-rational	quantity.add-rational -5/17 -10/15	result -49/51	kernel committed result -49/51	lexical	0
q34-confirm/183	quantity	quantity channel has no prior committed result	Provide the grams equivalent for 974 kilograms.                                                                                                                                 	convert 974 kg-to-g	quantity.convert	quantity.convert 974 kg-to-g	result 974000 g	kernel committed result 974000 g	lexical	0
q34-confirm/184	quantity	quantity channel has no prior committed result	Provide the root x for 16*x+17=1265.                                                                                                                                            	solve 16*x+17=1265	quantity.solve-linear	quantity.solve-linear 16 17 1265	x 78	kernel committed x 78	lexical	0
q34-confirm/185	quantity	quantity channel has no prior committed result	A counter begins at -657 and shifts 775. Where does it finish?                                                                                                                  	add -657 775	quantity.add	quantity.add -657 775	result 118	kernel committed result 118	implicit	0
q34-confirm/186	quantity	quantity channel has no prior committed result	A signed area uses width -18 and height 45. What area results?                                                                                                                  	multiply -18 45	quantity.multiply	quantity.multiply -18 45	result -810	kernel committed result -810	implicit	0
q34-confirm/187	quantity	quantity channel has no prior committed result	A fractional counter begins at 20/21 and shifts -8/15. Where does it finish?                                                                                                    	add-rational 20/21 -8/15	quantity.add-rational	quantity.add-rational 20/21 -8/15	result 44/105	kernel committed result 44/105	implicit	0
q34-confirm/188	quantity	quantity channel has no prior committed result	A fixed mass marked 710 kg needs a g label. What number is printed?                                                                                                             	convert 710 kg-to-g	quantity.convert	quantity.convert 710 kg-to-g	result 710000 g	kernel committed result 710000 g	implicit	0
q34-confirm/189	quantity	quantity channel has no prior committed result	A number substituted for x makes 3*x+-96 and 72 identical. Which number?                                                                                                        	solve 3*x+-96=72	quantity.solve-linear	quantity.solve-linear 3 -96 72	x 56	kernel committed x 56	implicit	0
q34-confirm/190	quantity	quantity channel has no prior committed result	How much does 916 plus -59 produce?                                                                                                                                             	add 916 -59	quantity.add	quantity.add 916 -59	result 857	kernel committed result 857	lexical	1
q34-confirm/191	quantity	quantity channel has no prior committed result	How much does 47 times 0 produce?                                                                                                                                               	multiply 47 0	quantity.multiply	quantity.multiply 47 0	result 0	kernel committed result 0	lexical	1
q34-confirm/192	quantity	quantity channel has no prior committed result	How much does fraction -15/19 plus fraction 15/16 produce?                                                                                                                      	add-rational -15/19 15/16	quantity.add-rational	quantity.add-rational -15/19 15/16	result 45/304	kernel committed result 45/304	lexical	1
q34-confirm/193	quantity	quantity channel has no prior committed result	How many grams represent 202 kilograms?                                                                                                                                         	convert 202 kg-to-g	quantity.convert	quantity.convert 202 kg-to-g	result 202000 g	kernel committed result 202000 g	lexical	1
q34-confirm/194	quantity	quantity channel has no prior committed result	How much must x be for 18*x+45 to produce -873?                                                                                                                                 	solve 18*x+45=-873	quantity.solve-linear	quantity.solve-linear 18 45 -873	x -51	kernel committed x -51	lexical	1
q34-confirm/195	quantity	quantity channel has no prior committed result	The first signed contribution is 462; the second is -431. What is the net amount?                                                                                               	add 462 -431	quantity.add	quantity.add 462 -431	result 31	kernel committed result 31	implicit	1
q34-confirm/196	quantity	quantity channel has no prior committed result	An operator repeats the scale -62 across value 19. What comes out?                                                                                                              	multiply -62 19	quantity.multiply	quantity.multiply -62 19	result -1178	kernel committed result -1178	implicit	1
q34-confirm/197	quantity	quantity channel has no prior committed result	The first fractional contribution is 12/11; the second is -12/14. What is the net amount?                                                                                       	add-rational 12/11 -12/14	quantity.add-rational	quantity.add-rational 12/11 -12/14	result 18/77	kernel committed result 18/77	implicit	1
q34-confirm/198	quantity	quantity channel has no prior committed result	The mass stays identical while kg is replaced by g. Starting from 613, what is shown?                                                                                           	convert 613 kg-to-g	quantity.convert	quantity.convert 613 kg-to-g	result 613000 g	kernel committed result 613000 g	implicit	1
q34-confirm/199	quantity	quantity channel has no prior committed result	The left side 20*x+-75 must land exactly on 85. What x does that?                                                                                                               	solve 20*x+-75=85	quantity.solve-linear	quantity.solve-linear 20 -75 85	x 8	kernel committed x 8	implicit	1
q34-confirm/200	quantity	quantity channel has no prior committed result	Combine the signed pair 107, -914 into a total.                                                                                                                                 	add 107 -914	quantity.add	quantity.add 107 -914	result -807	kernel committed result -807	lexical	2
q34-confirm/201	quantity	quantity channel has no prior committed result	Apply factor -31 to 84 and report the result.                                                                                                                                   	multiply -31 84	quantity.multiply	quantity.multiply -31 84	result -2604	kernel committed result -2604	lexical	2
q34-confirm/202	quantity	quantity channel has no prior committed result	Combine rational pair 0/15, 2/5 into one value.                                                                                                                                 	add-rational 0/15 2/5	quantity.add-rational	quantity.add-rational 0/15 2/5	result 2/5	kernel committed result 2/5	lexical	2
q34-confirm/203	quantity	quantity channel has no prior committed result	Change only the unit notation of 553 meters to centimeters.                                                                                                                     	convert 553 m-to-cm	quantity.convert	quantity.convert 553 m-to-cm	result 55300 cm	kernel committed result 55300 cm	lexical	2
q34-confirm/204	quantity	quantity channel has no prior committed result	Determine the unknown in the relation 1*x+-28=23.                                                                                                                               	solve 1*x+-28=23	quantity.solve-linear	quantity.solve-linear 1 -28 23	x 51	kernel committed x 51	lexical	2
q34-confirm/205	quantity	quantity channel has no prior committed result	After a balance of -676 receives -838, what balance remains?                                                                                                                    	add -676 -838	quantity.add	quantity.add -676 -838	result -1514	kernel committed result -1514	implicit	2
q34-confirm/206	quantity	quantity channel has no prior committed result	A signed rate -43 spans -97 intervals. What accumulated amount appears?                                                                                                         	multiply -43 -97	quantity.multiply	quantity.multiply -43 -97	result 4171	kernel committed result 4171	implicit	2
q34-confirm/207	quantity	quantity channel has no prior committed result	After a rational balance of -1/20 receives 3/5, what balance remains?                                                                                                           	add-rational -1/20 3/5	quantity.add-rational	quantity.add-rational -1/20 3/5	result 11/20	kernel committed result 11/20	implicit	2
q34-confirm/208	quantity	quantity channel has no prior committed result	Two labels describe one amount: one is 741 centimeters; what is the millimeters label?                                                                                          	convert 741 cm-to-mm	quantity.convert	quantity.convert 741 cm-to-mm	result 7410 mm	kernel committed result 7410 mm	implicit	2
q34-confirm/209	quantity	quantity channel has no prior committed result	Balance the statement 3*x+93=195 by choosing x.                                                                                                                                 	solve 3*x+93=195	quantity.solve-linear	quantity.solve-linear 3 93 195	x 34	kernel committed x 34	implicit	2
q34-confirm/210	quantity	quantity channel has no prior committed result	Provide the arithmetic sum for 847 together with -392.                                                                                                                                          	add 847 -392	quantity.add	quantity.add 847 -392	result 455	kernel committed result 455	lexical	0
q34-confirm/211	quantity	quantity channel has no prior committed result	Provide the arithmetic product for -40 together with -88.                                                                                                                                       	multiply -40 -88	quantity.multiply	quantity.multiply -40 -88	result 3520	kernel committed result 3520	lexical	0
q34-confirm/212	quantity	quantity channel has no prior committed result	Provide the reduced rational sum for 15/18 together with 10/16.                                                                                                                                 	add-rational 15/18 10/16	quantity.add-rational	quantity.add-rational 15/18 10/16	result 35/24	kernel committed result 35/24	lexical	0
q34-confirm/213	quantity	quantity channel has no prior committed result	Provide the millimeters equivalent for 280 centimeters.                                                                                                                                         	convert 280 cm-to-mm	quantity.convert	quantity.convert 280 cm-to-mm	result 2800 mm	kernel committed result 2800 mm	lexical	0
q34-confirm/214	quantity	quantity channel has no prior committed result	Provide the root x for 12*x+-8=-236.                                                                                                                                                            	solve 12*x+-8=-236	quantity.solve-linear	quantity.solve-linear 12 -8 -236	x -19	kernel committed x -19	lexical	0
q34-confirm/215	quantity	quantity channel has no prior committed result	A counter begins at -361 and shifts -256. Where does it finish?                                                                                                                                 	add -361 -256	quantity.add	quantity.add -361 -256	result -617	kernel committed result -617	implicit	0
q34-confirm/216	quantity	quantity channel has no prior committed result	A signed area uses width -12 and height 62. What area results?                                                                                                                                  	multiply -12 62	quantity.multiply	quantity.multiply -12 62	result -744	kernel committed result -744	implicit	0
q34-confirm/217	quantity	quantity channel has no prior committed result	A fractional counter begins at 18/8 and shifts 6/5. Where does it finish?                                                                                                                       	add-rational 18/8 6/5	quantity.add-rational	quantity.add-rational 18/8 6/5	result 69/20	kernel committed result 69/20	implicit	0
q34-confirm/218	quantity	quantity channel has no prior committed result	A fixed mass marked 592 kg needs a g label. What number is printed?                                                                                                                             	convert 592 kg-to-g	quantity.convert	quantity.convert 592 kg-to-g	result 592000 g	kernel committed result 592000 g	implicit	0
q34-confirm/219	quantity	quantity channel has no prior committed result	A number substituted for x makes 5*x+64 and 204 identical. Which number?                                                                                                                        	solve 5*x+64=204	quantity.solve-linear	quantity.solve-linear 5 64 204	x 28	kernel committed x 28	implicit	0
q34-confirm/220	quantity	quantity channel has no prior committed result	How much does -572 plus 431 produce?                                                                                                                                                            	add -572 431	quantity.add	quantity.add -572 431	result -141	kernel committed result -141	lexical	1
q34-confirm/221	quantity	quantity channel has no prior committed result	How much does 26 times -83 produce?                                                                                                                                                             	multiply 26 -83	quantity.multiply	quantity.multiply 26 -83	result -2158	kernel committed result -2158	lexical	1
q34-confirm/222	quantity	quantity channel has no prior committed result	How much does fraction -15/8 plus fraction 9/21 produce?                                                                                                                                        	add-rational -15/8 9/21	quantity.add-rational	quantity.add-rational -15/8 9/21	result -81/56	kernel committed result -81/56	lexical	1
q34-confirm/223	quantity	quantity channel has no prior committed result	How many grams represent 206 kilograms?                                                                                                                                                         	convert 206 kg-to-g	quantity.convert	quantity.convert 206 kg-to-g	result 206000 g	kernel committed result 206000 g	lexical	1
q34-confirm/224	quantity	quantity channel has no prior committed result	How much must x be for 19*x+31 to produce 886?                                                                                                                                                  	solve 19*x+31=886	quantity.solve-linear	quantity.solve-linear 19 31 886	x 45	kernel committed x 45	lexical	1
q34-confirm/225	quantity	quantity channel has no prior committed result	The first signed contribution is -849; the second is 215. What is the net amount?                                                                                                               	add -849 215	quantity.add	quantity.add -849 215	result -634	kernel committed result -634	implicit	1
q34-confirm/226	quantity	quantity channel has no prior committed result	An operator repeats the scale -37 across value -74. What comes out?                                                                                                                             	multiply -37 -74	quantity.multiply	quantity.multiply -37 -74	result 2738	kernel committed result 2738	implicit	1
q34-confirm/227	quantity	quantity channel has no prior committed result	The first fractional contribution is 17/5; the second is -19/8. What is the net amount?                                                                                                         	add-rational 17/5 -19/8	quantity.add-rational	quantity.add-rational 17/5 -19/8	result 41/40	kernel committed result 41/40	implicit	1
q34-confirm/228	quantity	quantity channel has no prior committed result	The length stays identical while cm is replaced by mm. Starting from 167, what is shown?                                                                                                        	convert 167 cm-to-mm	quantity.convert	quantity.convert 167 cm-to-mm	result 1670 mm	kernel committed result 1670 mm	implicit	1
q34-confirm/229	quantity	quantity channel has no prior committed result	The left side 24*x+-84 must land exactly on -1044. What x does that?                                                                                                                            	solve 24*x+-84=-1044	quantity.solve-linear	quantity.solve-linear 24 -84 -1044	x -40	kernel committed x -40	implicit	1
q34-confirm/230	quantity	quantity channel has no prior committed result	Combine the signed pair -457, -863 into a total.                                                                                                                                                	add -457 -863	quantity.add	quantity.add -457 -863	result -1320	kernel committed result -1320	lexical	2
q34-confirm/231	quantity	quantity channel has no prior committed result	Apply factor 12 to -12 and report the result.                                                                                                                                                   	multiply 12 -12	quantity.multiply	quantity.multiply 12 -12	result -144	kernel committed result -144	lexical	2
q34-confirm/232	quantity	quantity channel has no prior committed result	Combine rational pair -1/24, 1/6 into one value.                                                                                                                                                	add-rational -1/24 1/6	quantity.add-rational	quantity.add-rational -1/24 1/6	result 1/8	kernel committed result 1/8	lexical	2
q34-confirm/233	quantity	quantity channel has no prior committed result	Change only the unit notation of 587 meters to centimeters.                                                                                                                                     	convert 587 m-to-cm	quantity.convert	quantity.convert 587 m-to-cm	result 58700 cm	kernel committed result 58700 cm	lexical	2
q34-confirm/234	quantity	quantity channel has no prior committed result	Determine the unknown in the relation 17*x+42=-638.                                                                                                                                             	solve 17*x+42=-638	quantity.solve-linear	quantity.solve-linear 17 42 -638	x -40	kernel committed x -40	lexical	2
q34-confirm/235	quantity	quantity channel has no prior committed result	After a balance of 266 receives -784, what balance remains?                                                                                                                                     	add 266 -784	quantity.add	quantity.add 266 -784	result -518	kernel committed result -518	implicit	2
q34-confirm/236	quantity	quantity channel has no prior committed result	A signed rate 51 spans -64 intervals. What accumulated amount appears?                                                                                                                          	multiply 51 -64	quantity.multiply	quantity.multiply 51 -64	result -3264	kernel committed result -3264	implicit	2
q34-confirm/237	quantity	quantity channel has no prior committed result	After a rational balance of 7/5 receives 1/6, what balance remains?                                                                                                                             	add-rational 7/5 1/6	quantity.add-rational	quantity.add-rational 7/5 1/6	result 47/30	kernel committed result 47/30	implicit	2
q34-confirm/238	quantity	quantity channel has no prior committed result	Two labels describe one amount: one is 346 kilograms; what is the grams label?                                                                                                                  	convert 346 kg-to-g	quantity.convert	quantity.convert 346 kg-to-g	result 346000 g	kernel committed result 346000 g	implicit	2
q34-confirm/239	quantity	quantity channel has no prior committed result	Balance the statement 17*x+11=-873 by choosing x.                                                                                                                                               	solve 17*x+11=-873	quantity.solve-linear	quantity.solve-linear 17 11 -873	x -52	kernel committed x -52	implicit	2
q34-confirm/240	quantity	quantity channel has no prior committed result	Provide the arithmetic sum for -973 together with -382.                                                                                                                                                         	add -973 -382	quantity.add	quantity.add -973 -382	result -1355	kernel committed result -1355	lexical	0
q34-confirm/241	quantity	quantity channel has no prior committed result	Provide the arithmetic product for -14 together with 43.                                                                                                                                                        	multiply -14 43	quantity.multiply	quantity.multiply -14 43	result -602	kernel committed result -602	lexical	0
q34-confirm/242	quantity	quantity channel has no prior committed result	Provide the reduced rational sum for -1/7 together with -3/13.                                                                                                                                                  	add-rational -1/7 -3/13	quantity.add-rational	quantity.add-rational -1/7 -3/13	result -34/91	kernel committed result -34/91	lexical	0
q34-confirm/243	quantity	quantity channel has no prior committed result	Provide the centimeters equivalent for 987 meters.                                                                                                                                                              	convert 987 m-to-cm	quantity.convert	quantity.convert 987 m-to-cm	result 98700 cm	kernel committed result 98700 cm	lexical	0
q34-confirm/244	quantity	quantity channel has no prior committed result	Provide the root x for 6*x+55=-113.                                                                                                                                                                             	solve 6*x+55=-113	quantity.solve-linear	quantity.solve-linear 6 55 -113	x -28	kernel committed x -28	lexical	0
q34-confirm/245	quantity	quantity channel has no prior committed result	A counter begins at -471 and shifts -178. Where does it finish?                                                                                                                                                 	add -471 -178	quantity.add	quantity.add -471 -178	result -649	kernel committed result -649	implicit	0
q34-confirm/246	quantity	quantity channel has no prior committed result	A signed area uses width -39 and height -39. What area results?                                                                                                                                                 	multiply -39 -39	quantity.multiply	quantity.multiply -39 -39	result 1521	kernel committed result 1521	implicit	0
q34-confirm/247	quantity	quantity channel has no prior committed result	A fractional counter begins at -19/22 and shifts 10/19. Where does it finish?                                                                                                                                   	add-rational -19/22 10/19	quantity.add-rational	quantity.add-rational -19/22 10/19	result -141/418	kernel committed result -141/418	implicit	0
q34-confirm/248	quantity	quantity channel has no prior committed result	A fixed mass marked 567 kg needs a g label. What number is printed?                                                                                                                                             	convert 567 kg-to-g	quantity.convert	quantity.convert 567 kg-to-g	result 567000 g	kernel committed result 567000 g	implicit	0
q34-confirm/249	quantity	quantity channel has no prior committed result	A number substituted for x makes 1*x+28 and -42 identical. Which number?                                                                                                                                        	solve 1*x+28=-42	quantity.solve-linear	quantity.solve-linear 1 28 -42	x -70	kernel committed x -70	implicit	0
q34-confirm/250	quantity	quantity channel has no prior committed result	How much does -25 plus -690 produce?                                                                                                                                                                            	add -25 -690	quantity.add	quantity.add -25 -690	result -715	kernel committed result -715	lexical	1
q34-confirm/251	quantity	quantity channel has no prior committed result	How much does 89 times -55 produce?                                                                                                                                                                             	multiply 89 -55	quantity.multiply	quantity.multiply 89 -55	result -4895	kernel committed result -4895	lexical	1
q34-confirm/252	quantity	quantity channel has no prior committed result	How much does fraction 17/15 plus fraction -4/3 produce?                                                                                                                                                        	add-rational 17/15 -4/3	quantity.add-rational	quantity.add-rational 17/15 -4/3	result -1/5	kernel committed result -1/5	lexical	1
q34-confirm/253	quantity	quantity channel has no prior committed result	How many millimeters represent 491 centimeters?                                                                                                                                                                 	convert 491 cm-to-mm	quantity.convert	quantity.convert 491 cm-to-mm	result 4910 mm	kernel committed result 4910 mm	lexical	1
q34-confirm/254	quantity	quantity channel has no prior committed result	How much must x be for 15*x+-92 to produce 478?                                                                                                                                                                 	solve 15*x+-92=478	quantity.solve-linear	quantity.solve-linear 15 -92 478	x 38	kernel committed x 38	lexical	1
q34-confirm/255	quantity	quantity channel has no prior committed result	The first signed contribution is -985; the second is -841. What is the net amount?                                                                                                                              	add -985 -841	quantity.add	quantity.add -985 -841	result -1826	kernel committed result -1826	implicit	1
q34-confirm/256	quantity	quantity channel has no prior committed result	An operator repeats the scale -93 across value -56. What comes out?                                                                                                                                             	multiply -93 -56	quantity.multiply	quantity.multiply -93 -56	result 5208	kernel committed result 5208	implicit	1
q34-confirm/257	quantity	quantity channel has no prior committed result	The first fractional contribution is 4/9; the second is -6/8. What is the net amount?                                                                                                                           	add-rational 4/9 -6/8	quantity.add-rational	quantity.add-rational 4/9 -6/8	result -11/36	kernel committed result -11/36	implicit	1
q34-confirm/258	quantity	quantity channel has no prior committed result	The length stays identical while m is replaced by cm. Starting from 454, what is shown?                                                                                                                         	convert 454 m-to-cm	quantity.convert	quantity.convert 454 m-to-cm	result 45400 cm	kernel committed result 45400 cm	implicit	1
q34-confirm/259	quantity	quantity channel has no prior committed result	The left side 21*x+-49 must land exactly on 476. What x does that?                                                                                                                                              	solve 21*x+-49=476	quantity.solve-linear	quantity.solve-linear 21 -49 476	x 25	kernel committed x 25	implicit	1
q34-confirm/260	quantity	quantity channel has no prior committed result	Combine the signed pair 898, -755 into a total.                                                                                                                                                                 	add 898 -755	quantity.add	quantity.add 898 -755	result 143	kernel committed result 143	lexical	2
q34-confirm/261	quantity	quantity channel has no prior committed result	Apply factor -31 to -41 and report the result.                                                                                                                                                                  	multiply -31 -41	quantity.multiply	quantity.multiply -31 -41	result 1271	kernel committed result 1271	lexical	2
q34-confirm/262	quantity	quantity channel has no prior committed result	Combine rational pair 16/9, 18/1 into one value.                                                                                                                                                                	add-rational 16/9 18/1	quantity.add-rational	quantity.add-rational 16/9 18/1	result 178/9	kernel committed result 178/9	lexical	2
q34-confirm/263	quantity	quantity channel has no prior committed result	Change only the unit notation of 932 centimeters to millimeters.                                                                                                                                                	convert 932 cm-to-mm	quantity.convert	quantity.convert 932 cm-to-mm	result 9320 mm	kernel committed result 9320 mm	lexical	2
q34-confirm/264	quantity	quantity channel has no prior committed result	Determine the unknown in the relation 20*x+-24=236.                                                                                                                                                             	solve 20*x+-24=236	quantity.solve-linear	quantity.solve-linear 20 -24 236	x 13	kernel committed x 13	lexical	2
q34-confirm/265	quantity	quantity channel has no prior committed result	After a balance of 519 receives 572, what balance remains?                                                                                                                                                      	add 519 572	quantity.add	quantity.add 519 572	result 1091	kernel committed result 1091	implicit	2
q34-confirm/266	quantity	quantity channel has no prior committed result	A signed rate 38 spans 72 intervals. What accumulated amount appears?                                                                                                                                           	multiply 38 72	quantity.multiply	quantity.multiply 38 72	result 2736	kernel committed result 2736	implicit	2
q34-confirm/267	quantity	quantity channel has no prior committed result	After a rational balance of 9/22 receives -15/21, what balance remains?                                                                                                                                         	add-rational 9/22 -15/21	quantity.add-rational	quantity.add-rational 9/22 -15/21	result -47/154	kernel committed result -47/154	implicit	2
q34-confirm/268	quantity	quantity channel has no prior committed result	Two labels describe one amount: one is 363 meters; what is the centimeters label?                                                                                                                               	convert 363 m-to-cm	quantity.convert	quantity.convert 363 m-to-cm	result 36300 cm	kernel committed result 36300 cm	implicit	2
q34-confirm/269	quantity	quantity channel has no prior committed result	Balance the statement 12*x+28=136 by choosing x.                                                                                                                                                                	solve 12*x+28=136	quantity.solve-linear	quantity.solve-linear 12 28 136	x 9	kernel committed x 9	implicit	2
q34-confirm/270	quantity	quantity channel has no prior committed result	Provide the arithmetic sum for -718 together with 42.                                                                                                                                                                           	add -718 42	quantity.add	quantity.add -718 42	result -676	kernel committed result -676	lexical	0
q34-confirm/271	quantity	quantity channel has no prior committed result	Provide the arithmetic product for -37 together with -1.                                                                                                                                                                        	multiply -37 -1	quantity.multiply	quantity.multiply -37 -1	result 37	kernel committed result 37	lexical	0
q34-confirm/272	quantity	quantity channel has no prior committed result	Provide the reduced rational sum for -9/24 together with 6/16.                                                                                                                                                                  	add-rational -9/24 6/16	quantity.add-rational	quantity.add-rational -9/24 6/16	result 0	kernel committed result 0	lexical	0
q34-confirm/273	quantity	quantity channel has no prior committed result	Provide the millimeters equivalent for 845 centimeters.                                                                                                                                                                         	convert 845 cm-to-mm	quantity.convert	quantity.convert 845 cm-to-mm	result 8450 mm	kernel committed result 8450 mm	lexical	0
q34-confirm/274	quantity	quantity channel has no prior committed result	Provide the root x for 5*x+-58=-28.                                                                                                                                                                                             	solve 5*x+-58=-28	quantity.solve-linear	quantity.solve-linear 5 -58 -28	x 6	kernel committed x 6	lexical	0
q34-confirm/275	quantity	quantity channel has no prior committed result	A counter begins at -452 and shifts 146. Where does it finish?                                                                                                                                                                  	add -452 146	quantity.add	quantity.add -452 146	result -306	kernel committed result -306	implicit	0
q34-confirm/276	quantity	quantity channel has no prior committed result	A signed area uses width -9 and height -23. What area results?                                                                                                                                                                  	multiply -9 -23	quantity.multiply	quantity.multiply -9 -23	result 207	kernel committed result 207	implicit	0
q34-confirm/277	quantity	quantity channel has no prior committed result	A fractional counter begins at 21/10 and shifts -1/5. Where does it finish?                                                                                                                                                     	add-rational 21/10 -1/5	quantity.add-rational	quantity.add-rational 21/10 -1/5	result 19/10	kernel committed result 19/10	implicit	0
q34-confirm/278	quantity	quantity channel has no prior committed result	A fixed length marked 126 m needs a cm label. What number is printed?                                                                                                                                                           	convert 126 m-to-cm	quantity.convert	quantity.convert 126 m-to-cm	result 12600 cm	kernel committed result 12600 cm	implicit	0
q34-confirm/279	quantity	quantity channel has no prior committed result	A number substituted for x makes 7*x+-78 and -148 identical. Which number?                                                                                                                                                      	solve 7*x+-78=-148	quantity.solve-linear	quantity.solve-linear 7 -78 -148	x -10	kernel committed x -10	implicit	0
q34-confirm/280	quantity	quantity channel has no prior committed result	How much does 639 plus -181 produce?                                                                                                                                                                                            	add 639 -181	quantity.add	quantity.add 639 -181	result 458	kernel committed result 458	lexical	1
q34-confirm/281	quantity	quantity channel has no prior committed result	How much does -47 times 99 produce?                                                                                                                                                                                             	multiply -47 99	quantity.multiply	quantity.multiply -47 99	result -4653	kernel committed result -4653	lexical	1
q34-confirm/282	quantity	quantity channel has no prior committed result	How much does fraction 12/3 plus fraction 11/8 produce?                                                                                                                                                                         	add-rational 12/3 11/8	quantity.add-rational	quantity.add-rational 12/3 11/8	result 43/8	kernel committed result 43/8	lexical	1
q34-confirm/283	quantity	quantity channel has no prior committed result	How many centimeters represent 204 meters?                                                                                                                                                                                      	convert 204 m-to-cm	quantity.convert	quantity.convert 204 m-to-cm	result 20400 cm	kernel committed result 20400 cm	lexical	1
q34-confirm/284	quantity	quantity channel has no prior committed result	How much must x be for 4*x+35 to produce -113?                                                                                                                                                                                  	solve 4*x+35=-113	quantity.solve-linear	quantity.solve-linear 4 35 -113	x -37	kernel committed x -37	lexical	1
q34-confirm/285	quantity	quantity channel has no prior committed result	The first signed contribution is -637; the second is -22. What is the net amount?                                                                                                                                               	add -637 -22	quantity.add	quantity.add -637 -22	result -659	kernel committed result -659	implicit	1
q34-confirm/286	quantity	quantity channel has no prior committed result	An operator repeats the scale 79 across value 18. What comes out?                                                                                                                                                               	multiply 79 18	quantity.multiply	quantity.multiply 79 18	result 1422	kernel committed result 1422	implicit	1
q34-confirm/287	quantity	quantity channel has no prior committed result	The first fractional contribution is -18/23; the second is -18/13. What is the net amount?                                                                                                                                      	add-rational -18/23 -18/13	quantity.add-rational	quantity.add-rational -18/23 -18/13	result -648/299	kernel committed result -648/299	implicit	1
q34-confirm/288	quantity	quantity channel has no prior committed result	The length stays identical while cm is replaced by mm. Starting from 15, what is shown?                                                                                                                                         	convert 15 cm-to-mm	quantity.convert	quantity.convert 15 cm-to-mm	result 150 mm	kernel committed result 150 mm	implicit	1
q34-confirm/289	quantity	quantity channel has no prior committed result	The left side 7*x+-44 must land exactly on 138. What x does that?                                                                                                                                                               	solve 7*x+-44=138	quantity.solve-linear	quantity.solve-linear 7 -44 138	x 26	kernel committed x 26	implicit	1
q34-confirm/290	quantity	quantity channel has no prior committed result	Combine the signed pair 861, 64 into a total.                                                                                                                                                                                   	add 861 64	quantity.add	quantity.add 861 64	result 925	kernel committed result 925	lexical	2
q34-confirm/291	quantity	quantity channel has no prior committed result	Apply factor -99 to 35 and report the result.                                                                                                                                                                                   	multiply -99 35	quantity.multiply	quantity.multiply -99 35	result -3465	kernel committed result -3465	lexical	2
q34-confirm/292	quantity	quantity channel has no prior committed result	Combine rational pair 8/13, 19/15 into one value.                                                                                                                                                                               	add-rational 8/13 19/15	quantity.add-rational	quantity.add-rational 8/13 19/15	result 367/195	kernel committed result 367/195	lexical	2
q34-confirm/293	quantity	quantity channel has no prior committed result	Change only the unit notation of 689 kilograms to grams.                                                                                                                                                                        	convert 689 kg-to-g	quantity.convert	quantity.convert 689 kg-to-g	result 689000 g	kernel committed result 689000 g	lexical	2
q34-confirm/294	quantity	quantity channel has no prior committed result	Determine the unknown in the relation 11*x+-80=-388.                                                                                                                                                                            	solve 11*x+-80=-388	quantity.solve-linear	quantity.solve-linear 11 -80 -388	x -28	kernel committed x -28	lexical	2
q34-confirm/295	quantity	quantity channel has no prior committed result	After a balance of -200 receives -318, what balance remains?                                                                                                                                                                    	add -200 -318	quantity.add	quantity.add -200 -318	result -518	kernel committed result -518	implicit	2
q34-confirm/296	quantity	quantity channel has no prior committed result	A signed rate 39 spans 54 intervals. What accumulated amount appears?                                                                                                                                                           	multiply 39 54	quantity.multiply	quantity.multiply 39 54	result 2106	kernel committed result 2106	implicit	2
q34-confirm/297	quantity	quantity channel has no prior committed result	After a rational balance of 20/15 receives 18/4, what balance remains?                                                                                                                                                          	add-rational 20/15 18/4	quantity.add-rational	quantity.add-rational 20/15 18/4	result 35/6	kernel committed result 35/6	implicit	2
q34-confirm/298	quantity	quantity channel has no prior committed result	Two labels describe one amount: one is 256 centimeters; what is the millimeters label?                                                                                                                                          	convert 256 cm-to-mm	quantity.convert	quantity.convert 256 cm-to-mm	result 2560 mm	kernel committed result 2560 mm	implicit	2
q34-confirm/299	quantity	quantity channel has no prior committed result	Balance the statement 15*x+-47=-1367 by choosing x.                                                                                                                                                                             	solve 15*x+-47=-1367	quantity.solve-linear	quantity.solve-linear 15 -47 -1367	x -88	kernel committed x -88	implicit	2
q34-confirm/300	quantity	quantity channel has no prior committed result	Provide the arithmetic sum for 770 together with 838.                                                                                                           	add 770 838	quantity.add	quantity.add 770 838	result 1608	kernel committed result 1608	lexical	0
q34-confirm/301	quantity	quantity channel has no prior committed result	Provide the arithmetic product for -64 together with -12.                                                                                                       	multiply -64 -12	quantity.multiply	quantity.multiply -64 -12	result 768	kernel committed result 768	lexical	0
q34-confirm/302	quantity	quantity channel has no prior committed result	Provide the reduced rational sum for -16/2 together with 13/18.                                                                                                 	add-rational -16/2 13/18	quantity.add-rational	quantity.add-rational -16/2 13/18	result -131/18	kernel committed result -131/18	lexical	0
q34-confirm/303	quantity	quantity channel has no prior committed result	Provide the millimeters equivalent for 690 centimeters.                                                                                                         	convert 690 cm-to-mm	quantity.convert	quantity.convert 690 cm-to-mm	result 6900 mm	kernel committed result 6900 mm	lexical	0
q34-confirm/304	quantity	quantity channel has no prior committed result	Provide the root x for 9*x+68=-85.                                                                                                                              	solve 9*x+68=-85	quantity.solve-linear	quantity.solve-linear 9 68 -85	x -17	kernel committed x -17	lexical	0
q34-confirm/305	quantity	quantity channel has no prior committed result	A counter begins at -988 and shifts 140. Where does it finish?                                                                                                  	add -988 140	quantity.add	quantity.add -988 140	result -848	kernel committed result -848	implicit	0
q34-confirm/306	quantity	quantity channel has no prior committed result	A signed area uses width -3 and height -17. What area results?                                                                                                  	multiply -3 -17	quantity.multiply	quantity.multiply -3 -17	result 51	kernel committed result 51	implicit	0
q34-confirm/307	quantity	quantity channel has no prior committed result	A fractional counter begins at 7/3 and shifts 21/24. Where does it finish?                                                                                      	add-rational 7/3 21/24	quantity.add-rational	quantity.add-rational 7/3 21/24	result 77/24	kernel committed result 77/24	implicit	0
q34-confirm/308	quantity	quantity channel has no prior committed result	A fixed mass marked 347 kg needs a g label. What number is printed?                                                                                             	convert 347 kg-to-g	quantity.convert	quantity.convert 347 kg-to-g	result 347000 g	kernel committed result 347000 g	implicit	0
q34-confirm/309	quantity	quantity channel has no prior committed result	A number substituted for x makes 20*x+-49 and -449 identical. Which number?                                                                                     	solve 20*x+-49=-449	quantity.solve-linear	quantity.solve-linear 20 -49 -449	x -20	kernel committed x -20	implicit	0
q34-confirm/310	quantity	quantity channel has no prior committed result	How much does 833 plus 264 produce?                                                                                                                             	add 833 264	quantity.add	quantity.add 833 264	result 1097	kernel committed result 1097	lexical	1
q34-confirm/311	quantity	quantity channel has no prior committed result	How much does 68 times 0 produce?                                                                                                                               	multiply 68 0	quantity.multiply	quantity.multiply 68 0	result 0	kernel committed result 0	lexical	1
q34-confirm/312	quantity	quantity channel has no prior committed result	How much does fraction -20/20 plus fraction -18/11 produce?                                                                                                     	add-rational -20/20 -18/11	quantity.add-rational	quantity.add-rational -20/20 -18/11	result -29/11	kernel committed result -29/11	lexical	1
q34-confirm/313	quantity	quantity channel has no prior committed result	How many grams represent 186 kilograms?                                                                                                                         	convert 186 kg-to-g	quantity.convert	quantity.convert 186 kg-to-g	result 186000 g	kernel committed result 186000 g	lexical	1
q34-confirm/314	quantity	quantity channel has no prior committed result	How much must x be for 14*x+-44 to produce -254?                                                                                                                	solve 14*x+-44=-254	quantity.solve-linear	quantity.solve-linear 14 -44 -254	x -15	kernel committed x -15	lexical	1
q34-confirm/315	quantity	quantity channel has no prior committed result	The first signed contribution is -324; the second is -959. What is the net amount?                                                                              	add -324 -959	quantity.add	quantity.add -324 -959	result -1283	kernel committed result -1283	implicit	1
q34-confirm/316	quantity	quantity channel has no prior committed result	An operator repeats the scale 26 across value -77. What comes out?                                                                                              	multiply 26 -77	quantity.multiply	quantity.multiply 26 -77	result -2002	kernel committed result -2002	implicit	1
q34-confirm/317	quantity	quantity channel has no prior committed result	The first fractional contribution is 20/12; the second is -2/14. What is the net amount?                                                                        	add-rational 20/12 -2/14	quantity.add-rational	quantity.add-rational 20/12 -2/14	result 32/21	kernel committed result 32/21	implicit	1
q34-confirm/318	quantity	quantity channel has no prior committed result	The length stays identical while cm is replaced by mm. Starting from 383, what is shown?                                                                        	convert 383 cm-to-mm	quantity.convert	quantity.convert 383 cm-to-mm	result 3830 mm	kernel committed result 3830 mm	implicit	1
q34-confirm/319	quantity	quantity channel has no prior committed result	The left side 16*x+-77 must land exactly on 995. What x does that?                                                                                              	solve 16*x+-77=995	quantity.solve-linear	quantity.solve-linear 16 -77 995	x 67	kernel committed x 67	implicit	1
q34-confirm/320	quantity	quantity channel has no prior committed result	Combine the signed pair -270, -301 into a total.                                                                                                                	add -270 -301	quantity.add	quantity.add -270 -301	result -571	kernel committed result -571	lexical	2
q34-confirm/321	quantity	quantity channel has no prior committed result	Apply factor 13 to -2 and report the result.                                                                                                                    	multiply 13 -2	quantity.multiply	quantity.multiply 13 -2	result -26	kernel committed result -26	lexical	2
q34-confirm/322	quantity	quantity channel has no prior committed result	Combine rational pair -5/12, -19/14 into one value.                                                                                                             	add-rational -5/12 -19/14	quantity.add-rational	quantity.add-rational -5/12 -19/14	result -149/84	kernel committed result -149/84	lexical	2
q34-confirm/323	quantity	quantity channel has no prior committed result	Change only the unit notation of 616 kilograms to grams.                                                                                                        	convert 616 kg-to-g	quantity.convert	quantity.convert 616 kg-to-g	result 616000 g	kernel committed result 616000 g	lexical	2
q34-confirm/324	quantity	quantity channel has no prior committed result	Determine the unknown in the relation 14*x+-21=-1057.                                                                                                           	solve 14*x+-21=-1057	quantity.solve-linear	quantity.solve-linear 14 -21 -1057	x -74	kernel committed x -74	lexical	2
q34-confirm/325	quantity	quantity channel has no prior committed result	After a balance of 898 receives 42, what balance remains?                                                                                                       	add 898 42	quantity.add	quantity.add 898 42	result 940	kernel committed result 940	implicit	2
q34-confirm/326	quantity	quantity channel has no prior committed result	A signed rate 90 spans -6 intervals. What accumulated amount appears?                                                                                           	multiply 90 -6	quantity.multiply	quantity.multiply 90 -6	result -540	kernel committed result -540	implicit	2
q34-confirm/327	quantity	quantity channel has no prior committed result	After a rational balance of 17/7 receives 18/7, what balance remains?                                                                                           	add-rational 17/7 18/7	quantity.add-rational	quantity.add-rational 17/7 18/7	result 5	kernel committed result 5	implicit	2
q34-confirm/328	quantity	quantity channel has no prior committed result	Two labels describe one amount: one is 607 kilograms; what is the grams label?                                                                                  	convert 607 kg-to-g	quantity.convert	quantity.convert 607 kg-to-g	result 607000 g	kernel committed result 607000 g	implicit	2
q34-confirm/329	quantity	quantity channel has no prior committed result	Balance the statement 13*x+78=-1144 by choosing x.                                                                                                              	solve 13*x+78=-1144	quantity.solve-linear	quantity.solve-linear 13 78 -1144	x -94	kernel committed x -94	implicit	2
q34-confirm/330	quantity	quantity channel has no prior committed result	Provide the arithmetic sum for 376 together with -805.                                                                                                                          	add 376 -805	quantity.add	quantity.add 376 -805	result -429	kernel committed result -429	lexical	0
q34-confirm/331	quantity	quantity channel has no prior committed result	Provide the arithmetic product for 51 together with -50.                                                                                                                        	multiply 51 -50	quantity.multiply	quantity.multiply 51 -50	result -2550	kernel committed result -2550	lexical	0
q34-confirm/332	quantity	quantity channel has no prior committed result	Provide the reduced rational sum for 21/18 together with 10/20.                                                                                                                 	add-rational 21/18 10/20	quantity.add-rational	quantity.add-rational 21/18 10/20	result 5/3	kernel committed result 5/3	lexical	0
q34-confirm/333	quantity	quantity channel has no prior committed result	Provide the centimeters equivalent for 276 meters.                                                                                                                              	convert 276 m-to-cm	quantity.convert	quantity.convert 276 m-to-cm	result 27600 cm	kernel committed result 27600 cm	lexical	0
q34-confirm/334	quantity	quantity channel has no prior committed result	Provide the root x for 2*x+97=127.                                                                                                                                              	solve 2*x+97=127	quantity.solve-linear	quantity.solve-linear 2 97 127	x 15	kernel committed x 15	lexical	0
q34-confirm/335	quantity	quantity channel has no prior committed result	A counter begins at -815 and shifts 814. Where does it finish?                                                                                                                  	add -815 814	quantity.add	quantity.add -815 814	result -1	kernel committed result -1	implicit	0
q34-confirm/336	quantity	quantity channel has no prior committed result	A signed area uses width 0 and height -76. What area results?                                                                                                                   	multiply 0 -76	quantity.multiply	quantity.multiply 0 -76	result 0	kernel committed result 0	implicit	0
q34-confirm/337	quantity	quantity channel has no prior committed result	A fractional counter begins at 0/2 and shifts -9/18. Where does it finish?                                                                                                      	add-rational 0/2 -9/18	quantity.add-rational	quantity.add-rational 0/2 -9/18	result -1/2	kernel committed result -1/2	implicit	0
q34-confirm/338	quantity	quantity channel has no prior committed result	A fixed length marked 255 cm needs a mm label. What number is printed?                                                                                                          	convert 255 cm-to-mm	quantity.convert	quantity.convert 255 cm-to-mm	result 2550 mm	kernel committed result 2550 mm	implicit	0
q34-confirm/339	quantity	quantity channel has no prior committed result	A number substituted for x makes 4*x+-68 and -412 identical. Which number?                                                                                                      	solve 4*x+-68=-412	quantity.solve-linear	quantity.solve-linear 4 -68 -412	x -86	kernel committed x -86	implicit	0
q34-confirm/340	quantity	quantity channel has no prior committed result	How much does 269 plus 231 produce?                                                                                                                                             	add 269 231	quantity.add	quantity.add 269 231	result 500	kernel committed result 500	lexical	1
q34-confirm/341	quantity	quantity channel has no prior committed result	How much does 77 times 89 produce?                                                                                                                                              	multiply 77 89	quantity.multiply	quantity.multiply 77 89	result 6853	kernel committed result 6853	lexical	1
q34-confirm/342	quantity	quantity channel has no prior committed result	How much does fraction 23/6 plus fraction 8/14 produce?                                                                                                                         	add-rational 23/6 8/14	quantity.add-rational	quantity.add-rational 23/6 8/14	result 185/42	kernel committed result 185/42	lexical	1
q34-confirm/343	quantity	quantity channel has no prior committed result	How many millimeters represent 656 centimeters?                                                                                                                                 	convert 656 cm-to-mm	quantity.convert	quantity.convert 656 cm-to-mm	result 6560 mm	kernel committed result 6560 mm	lexical	1
q34-confirm/344	quantity	quantity channel has no prior committed result	How much must x be for 21*x+-4 to produce 1151?                                                                                                                                 	solve 21*x+-4=1151	quantity.solve-linear	quantity.solve-linear 21 -4 1151	x 55	kernel committed x 55	lexical	1
q34-confirm/345	quantity	quantity channel has no prior committed result	The first signed contribution is -573; the second is -431. What is the net amount?                                                                                              	add -573 -431	quantity.add	quantity.add -573 -431	result -1004	kernel committed result -1004	implicit	1
q34-confirm/346	quantity	quantity channel has no prior committed result	An operator repeats the scale -55 across value 29. What comes out?                                                                                                              	multiply -55 29	quantity.multiply	quantity.multiply -55 29	result -1595	kernel committed result -1595	implicit	1
q34-confirm/347	quantity	quantity channel has no prior committed result	The first fractional contribution is -6/1; the second is 13/9. What is the net amount?                                                                                          	add-rational -6/1 13/9	quantity.add-rational	quantity.add-rational -6/1 13/9	result -41/9	kernel committed result -41/9	implicit	1
q34-confirm/348	quantity	quantity channel has no prior committed result	The length stays identical while cm is replaced by mm. Starting from 36, what is shown?                                                                                         	convert 36 cm-to-mm	quantity.convert	quantity.convert 36 cm-to-mm	result 360 mm	kernel committed result 360 mm	implicit	1
q34-confirm/349	quantity	quantity channel has no prior committed result	The left side 13*x+70 must land exactly on -346. What x does that?                                                                                                              	solve 13*x+70=-346	quantity.solve-linear	quantity.solve-linear 13 70 -346	x -32	kernel committed x -32	implicit	1
q34-confirm/350	quantity	quantity channel has no prior committed result	Combine the signed pair 646, 689 into a total.                                                                                                                                  	add 646 689	quantity.add	quantity.add 646 689	result 1335	kernel committed result 1335	lexical	2
q34-confirm/351	quantity	quantity channel has no prior committed result	Apply factor -40 to 36 and report the result.                                                                                                                                   	multiply -40 36	quantity.multiply	quantity.multiply -40 36	result -1440	kernel committed result -1440	lexical	2
q34-confirm/352	quantity	quantity channel has no prior committed result	Combine rational pair 23/10, -2/11 into one value.                                                                                                                              	add-rational 23/10 -2/11	quantity.add-rational	quantity.add-rational 23/10 -2/11	result 233/110	kernel committed result 233/110	lexical	2
q34-confirm/353	quantity	quantity channel has no prior committed result	Change only the unit notation of 865 kilograms to grams.                                                                                                                        	convert 865 kg-to-g	quantity.convert	quantity.convert 865 kg-to-g	result 865000 g	kernel committed result 865000 g	lexical	2
q34-confirm/354	quantity	quantity channel has no prior committed result	Determine the unknown in the relation 10*x+-78=-818.                                                                                                                            	solve 10*x+-78=-818	quantity.solve-linear	quantity.solve-linear 10 -78 -818	x -74	kernel committed x -74	lexical	2
q34-confirm/355	quantity	quantity channel has no prior committed result	After a balance of 227 receives 27, what balance remains?                                                                                                                       	add 227 27	quantity.add	quantity.add 227 27	result 254	kernel committed result 254	implicit	2
q34-confirm/356	quantity	quantity channel has no prior committed result	A signed rate 84 spans -77 intervals. What accumulated amount appears?                                                                                                          	multiply 84 -77	quantity.multiply	quantity.multiply 84 -77	result -6468	kernel committed result -6468	implicit	2
q34-confirm/357	quantity	quantity channel has no prior committed result	After a rational balance of -23/8 receives -8/5, what balance remains?                                                                                                          	add-rational -23/8 -8/5	quantity.add-rational	quantity.add-rational -23/8 -8/5	result -179/40	kernel committed result -179/40	implicit	2
q34-confirm/358	quantity	quantity channel has no prior committed result	Two labels describe one amount: one is 910 centimeters; what is the millimeters label?                                                                                          	convert 910 cm-to-mm	quantity.convert	quantity.convert 910 cm-to-mm	result 9100 mm	kernel committed result 9100 mm	implicit	2
q34-confirm/359	quantity	quantity channel has no prior committed result	Balance the statement 11*x+-39=-72 by choosing x.                                                                                                                               	solve 11*x+-39=-72	quantity.solve-linear	quantity.solve-linear 11 -39 -72	x -3	kernel committed x -3	implicit	2
q34-confirm/360	quantity	quantity channel has no prior committed result	Provide the arithmetic sum for -405 together with -76.                                                                                                                                          	add -405 -76	quantity.add	quantity.add -405 -76	result -481	kernel committed result -481	lexical	0
q34-confirm/361	quantity	quantity channel has no prior committed result	Provide the arithmetic product for 15 together with 35.                                                                                                                                         	multiply 15 35	quantity.multiply	quantity.multiply 15 35	result 525	kernel committed result 525	lexical	0
q34-confirm/362	quantity	quantity channel has no prior committed result	Provide the reduced rational sum for -2/6 together with -4/12.                                                                                                                                  	add-rational -2/6 -4/12	quantity.add-rational	quantity.add-rational -2/6 -4/12	result -2/3	kernel committed result -2/3	lexical	0
q34-confirm/363	quantity	quantity channel has no prior committed result	Provide the centimeters equivalent for 566 meters.                                                                                                                                              	convert 566 m-to-cm	quantity.convert	quantity.convert 566 m-to-cm	result 56600 cm	kernel committed result 56600 cm	lexical	0
q34-confirm/364	quantity	quantity channel has no prior committed result	Provide the root x for 16*x+-86=170.                                                                                                                                                            	solve 16*x+-86=170	quantity.solve-linear	quantity.solve-linear 16 -86 170	x 16	kernel committed x 16	lexical	0
q34-confirm/365	quantity	quantity channel has no prior committed result	A counter begins at 326 and shifts 647. Where does it finish?                                                                                                                                   	add 326 647	quantity.add	quantity.add 326 647	result 973	kernel committed result 973	implicit	0
q34-confirm/366	quantity	quantity channel has no prior committed result	A signed area uses width -42 and height -57. What area results?                                                                                                                                 	multiply -42 -57	quantity.multiply	quantity.multiply -42 -57	result 2394	kernel committed result 2394	implicit	0
q34-confirm/367	quantity	quantity channel has no prior committed result	A fractional counter begins at -11/9 and shifts -18/19. Where does it finish?                                                                                                                   	add-rational -11/9 -18/19	quantity.add-rational	quantity.add-rational -11/9 -18/19	result -371/171	kernel committed result -371/171	implicit	0
q34-confirm/368	quantity	quantity channel has no prior committed result	A fixed length marked 870 cm needs a mm label. What number is printed?                                                                                                                          	convert 870 cm-to-mm	quantity.convert	quantity.convert 870 cm-to-mm	result 8700 mm	kernel committed result 8700 mm	implicit	0
q34-confirm/369	quantity	quantity channel has no prior committed result	A number substituted for x makes 22*x+-46 and -2048 identical. Which number?                                                                                                                    	solve 22*x+-46=-2048	quantity.solve-linear	quantity.solve-linear 22 -46 -2048	x -91	kernel committed x -91	implicit	0
q34-confirm/370	quantity	quantity channel has no prior committed result	How much does 264 plus -316 produce?                                                                                                                                                            	add 264 -316	quantity.add	quantity.add 264 -316	result -52	kernel committed result -52	lexical	1
q34-confirm/371	quantity	quantity channel has no prior committed result	How much does -30 times 33 produce?                                                                                                                                                             	multiply -30 33	quantity.multiply	quantity.multiply -30 33	result -990	kernel committed result -990	lexical	1
q34-confirm/372	quantity	quantity channel has no prior committed result	How much does fraction -7/24 plus fraction -12/1 produce?                                                                                                                                       	add-rational -7/24 -12/1	quantity.add-rational	quantity.add-rational -7/24 -12/1	result -295/24	kernel committed result -295/24	lexical	1
q34-confirm/373	quantity	quantity channel has no prior committed result	How many centimeters represent 529 meters?                                                                                                                                                      	convert 529 m-to-cm	quantity.convert	quantity.convert 529 m-to-cm	result 52900 cm	kernel committed result 52900 cm	lexical	1
q34-confirm/374	quantity	quantity channel has no prior committed result	How much must x be for 20*x+-81 to produce -1?                                                                                                                                                  	solve 20*x+-81=-1	quantity.solve-linear	quantity.solve-linear 20 -81 -1	x 4	kernel committed x 4	lexical	1
q34-confirm/375	quantity	quantity channel has no prior committed result	The first signed contribution is -999; the second is -574. What is the net amount?                                                                                                              	add -999 -574	quantity.add	quantity.add -999 -574	result -1573	kernel committed result -1573	implicit	1
q34-confirm/376	quantity	quantity channel has no prior committed result	An operator repeats the scale -91 across value 68. What comes out?                                                                                                                              	multiply -91 68	quantity.multiply	quantity.multiply -91 68	result -6188	kernel committed result -6188	implicit	1
q34-confirm/377	quantity	quantity channel has no prior committed result	The first fractional contribution is -24/19; the second is 7/2. What is the net amount?                                                                                                         	add-rational -24/19 7/2	quantity.add-rational	quantity.add-rational -24/19 7/2	result 85/38	kernel committed result 85/38	implicit	1
q34-confirm/378	quantity	quantity channel has no prior committed result	The length stays identical while cm is replaced by mm. Starting from 718, what is shown?                                                                                                        	convert 718 cm-to-mm	quantity.convert	quantity.convert 718 cm-to-mm	result 7180 mm	kernel committed result 7180 mm	implicit	1
q34-confirm/379	quantity	quantity channel has no prior committed result	The left side 9*x+-32 must land exactly on 796. What x does that?                                                                                                                               	solve 9*x+-32=796	quantity.solve-linear	quantity.solve-linear 9 -32 796	x 92	kernel committed x 92	implicit	1
q34-confirm/380	quantity	quantity channel has no prior committed result	Combine the signed pair -675, -766 into a total.                                                                                                                                                	add -675 -766	quantity.add	quantity.add -675 -766	result -1441	kernel committed result -1441	lexical	2
q34-confirm/381	quantity	quantity channel has no prior committed result	Apply factor -24 to 27 and report the result.                                                                                                                                                   	multiply -24 27	quantity.multiply	quantity.multiply -24 27	result -648	kernel committed result -648	lexical	2
q34-confirm/382	quantity	quantity channel has no prior committed result	Combine rational pair -4/7, 10/17 into one value.                                                                                                                                               	add-rational -4/7 10/17	quantity.add-rational	quantity.add-rational -4/7 10/17	result 2/119	kernel committed result 2/119	lexical	2
q34-confirm/383	quantity	quantity channel has no prior committed result	Change only the unit notation of 649 centimeters to millimeters.                                                                                                                                	convert 649 cm-to-mm	quantity.convert	quantity.convert 649 cm-to-mm	result 6490 mm	kernel committed result 6490 mm	lexical	2
q34-confirm/384	quantity	quantity channel has no prior committed result	Determine the unknown in the relation 6*x+64=658.                                                                                                                                               	solve 6*x+64=658	quantity.solve-linear	quantity.solve-linear 6 64 658	x 99	kernel committed x 99	lexical	2
q34-confirm/385	quantity	quantity channel has no prior committed result	After a balance of 158 receives 558, what balance remains?                                                                                                                                      	add 158 558	quantity.add	quantity.add 158 558	result 716	kernel committed result 716	implicit	2
q34-confirm/386	quantity	quantity channel has no prior committed result	A signed rate -61 spans 14 intervals. What accumulated amount appears?                                                                                                                          	multiply -61 14	quantity.multiply	quantity.multiply -61 14	result -854	kernel committed result -854	implicit	2
q34-confirm/387	quantity	quantity channel has no prior committed result	After a rational balance of -5/8 receives -12/23, what balance remains?                                                                                                                         	add-rational -5/8 -12/23	quantity.add-rational	quantity.add-rational -5/8 -12/23	result -211/184	kernel committed result -211/184	implicit	2
q34-confirm/388	quantity	quantity channel has no prior committed result	Two labels describe one amount: one is 820 centimeters; what is the millimeters label?                                                                                                          	convert 820 cm-to-mm	quantity.convert	quantity.convert 820 cm-to-mm	result 8200 mm	kernel committed result 8200 mm	implicit	2
q34-confirm/389	quantity	quantity channel has no prior committed result	Balance the statement 5*x+-47=33 by choosing x.                                                                                                                                                 	solve 5*x+-47=33	quantity.solve-linear	quantity.solve-linear 5 -47 33	x 16	kernel committed x 16	implicit	2
q34-confirm/390	quantity	quantity channel has no prior committed result	Provide the arithmetic sum for -89 together with 644.                                                                                                                                                           	add -89 644	quantity.add	quantity.add -89 644	result 555	kernel committed result 555	lexical	0
q34-confirm/391	quantity	quantity channel has no prior committed result	Provide the arithmetic product for 84 together with 6.                                                                                                                                                          	multiply 84 6	quantity.multiply	quantity.multiply 84 6	result 504	kernel committed result 504	lexical	0
q34-confirm/392	quantity	quantity channel has no prior committed result	Provide the reduced rational sum for -9/20 together with -12/8.                                                                                                                                                 	add-rational -9/20 -12/8	quantity.add-rational	quantity.add-rational -9/20 -12/8	result -39/20	kernel committed result -39/20	lexical	0
q34-confirm/393	quantity	quantity channel has no prior committed result	Provide the millimeters equivalent for 812 centimeters.                                                                                                                                                         	convert 812 cm-to-mm	quantity.convert	quantity.convert 812 cm-to-mm	result 8120 mm	kernel committed result 8120 mm	lexical	0
q34-confirm/394	quantity	quantity channel has no prior committed result	Provide the root x for 18*x+-48=-1272.                                                                                                                                                                          	solve 18*x+-48=-1272	quantity.solve-linear	quantity.solve-linear 18 -48 -1272	x -68	kernel committed x -68	lexical	0
q34-confirm/395	quantity	quantity channel has no prior committed result	A counter begins at 384 and shifts -932. Where does it finish?                                                                                                                                                  	add 384 -932	quantity.add	quantity.add 384 -932	result -548	kernel committed result -548	implicit	0
q34-confirm/396	quantity	quantity channel has no prior committed result	A signed area uses width 20 and height 83. What area results?                                                                                                                                                   	multiply 20 83	quantity.multiply	quantity.multiply 20 83	result 1660	kernel committed result 1660	implicit	0
q34-confirm/397	quantity	quantity channel has no prior committed result	A fractional counter begins at -24/19 and shifts -12/11. Where does it finish?                                                                                                                                  	add-rational -24/19 -12/11	quantity.add-rational	quantity.add-rational -24/19 -12/11	result -492/209	kernel committed result -492/209	implicit	0
q34-confirm/398	quantity	quantity channel has no prior committed result	A fixed length marked 733 cm needs a mm label. What number is printed?                                                                                                                                          	convert 733 cm-to-mm	quantity.convert	quantity.convert 733 cm-to-mm	result 7330 mm	kernel committed result 7330 mm	implicit	0
q34-confirm/399	quantity	quantity channel has no prior committed result	A number substituted for x makes 3*x+33 and 318 identical. Which number?                                                                                                                                        	solve 3*x+33=318	quantity.solve-linear	quantity.solve-linear 3 33 318	x 95	kernel committed x 95	implicit	0
q34-confirm/400	quantity	quantity channel has no prior committed result	How much does -362 plus -627 produce?                                                                                                                                                                           	add -362 -627	quantity.add	quantity.add -362 -627	result -989	kernel committed result -989	lexical	1
q34-confirm/401	quantity	quantity channel has no prior committed result	How much does 14 times -9 produce?                                                                                                                                                                              	multiply 14 -9	quantity.multiply	quantity.multiply 14 -9	result -126	kernel committed result -126	lexical	1
q34-confirm/402	quantity	quantity channel has no prior committed result	How much does fraction 3/15 plus fraction 9/9 produce?                                                                                                                                                          	add-rational 3/15 9/9	quantity.add-rational	quantity.add-rational 3/15 9/9	result 6/5	kernel committed result 6/5	lexical	1
q34-confirm/403	quantity	quantity channel has no prior committed result	How many millimeters represent 755 centimeters?                                                                                                                                                                 	convert 755 cm-to-mm	quantity.convert	quantity.convert 755 cm-to-mm	result 7550 mm	kernel committed result 7550 mm	lexical	1
q34-confirm/404	quantity	quantity channel has no prior committed result	How much must x be for 16*x+-19 to produce 605?                                                                                                                                                                 	solve 16*x+-19=605	quantity.solve-linear	quantity.solve-linear 16 -19 605	x 39	kernel committed x 39	lexical	1
q34-confirm/405	quantity	quantity channel has no prior committed result	The first signed contribution is 944; the second is 528. What is the net amount?                                                                                                                                	add 944 528	quantity.add	quantity.add 944 528	result 1472	kernel committed result 1472	implicit	1
q34-confirm/406	quantity	quantity channel has no prior committed result	An operator repeats the scale -49 across value -72. What comes out?                                                                                                                                             	multiply -49 -72	quantity.multiply	quantity.multiply -49 -72	result 3528	kernel committed result 3528	implicit	1
q34-confirm/407	quantity	quantity channel has no prior committed result	The first fractional contribution is -8/21; the second is 2/13. What is the net amount?                                                                                                                         	add-rational -8/21 2/13	quantity.add-rational	quantity.add-rational -8/21 2/13	result -62/273	kernel committed result -62/273	implicit	1
q34-confirm/408	quantity	quantity channel has no prior committed result	The mass stays identical while kg is replaced by g. Starting from 308, what is shown?                                                                                                                           	convert 308 kg-to-g	quantity.convert	quantity.convert 308 kg-to-g	result 308000 g	kernel committed result 308000 g	implicit	1
q34-confirm/409	quantity	quantity channel has no prior committed result	The left side 12*x+53 must land exactly on 1085. What x does that?                                                                                                                                              	solve 12*x+53=1085	quantity.solve-linear	quantity.solve-linear 12 53 1085	x 86	kernel committed x 86	implicit	1
q34-confirm/410	quantity	quantity channel has no prior committed result	Combine the signed pair 603, 605 into a total.                                                                                                                                                                  	add 603 605	quantity.add	quantity.add 603 605	result 1208	kernel committed result 1208	lexical	2
q34-confirm/411	quantity	quantity channel has no prior committed result	Apply factor -41 to 72 and report the result.                                                                                                                                                                   	multiply -41 72	quantity.multiply	quantity.multiply -41 72	result -2952	kernel committed result -2952	lexical	2
q34-confirm/412	quantity	quantity channel has no prior committed result	Combine rational pair -2/13, -21/17 into one value.                                                                                                                                                             	add-rational -2/13 -21/17	quantity.add-rational	quantity.add-rational -2/13 -21/17	result -307/221	kernel committed result -307/221	lexical	2
q34-confirm/413	quantity	quantity channel has no prior committed result	Change only the unit notation of 598 kilograms to grams.                                                                                                                                                        	convert 598 kg-to-g	quantity.convert	quantity.convert 598 kg-to-g	result 598000 g	kernel committed result 598000 g	lexical	2
q34-confirm/414	quantity	quantity channel has no prior committed result	Determine the unknown in the relation 16*x+-75=-971.                                                                                                                                                            	solve 16*x+-75=-971	quantity.solve-linear	quantity.solve-linear 16 -75 -971	x -56	kernel committed x -56	lexical	2
q34-confirm/415	quantity	quantity channel has no prior committed result	After a balance of 628 receives -542, what balance remains?                                                                                                                                                     	add 628 -542	quantity.add	quantity.add 628 -542	result 86	kernel committed result 86	implicit	2
q34-confirm/416	quantity	quantity channel has no prior committed result	A signed rate -45 spans -88 intervals. What accumulated amount appears?                                                                                                                                         	multiply -45 -88	quantity.multiply	quantity.multiply -45 -88	result 3960	kernel committed result 3960	implicit	2
q34-confirm/417	quantity	quantity channel has no prior committed result	After a rational balance of -12/15 receives -10/23, what balance remains?                                                                                                                                       	add-rational -12/15 -10/23	quantity.add-rational	quantity.add-rational -12/15 -10/23	result -142/115	kernel committed result -142/115	implicit	2
q34-confirm/418	quantity	quantity channel has no prior committed result	Two labels describe one amount: one is 652 centimeters; what is the millimeters label?                                                                                                                          	convert 652 cm-to-mm	quantity.convert	quantity.convert 652 cm-to-mm	result 6520 mm	kernel committed result 6520 mm	implicit	2
q34-confirm/419	quantity	quantity channel has no prior committed result	Balance the statement 5*x+78=-377 by choosing x.                                                                                                                                                                	solve 5*x+78=-377	quantity.solve-linear	quantity.solve-linear 5 78 -377	x -91	kernel committed x -91	implicit	2
q34-confirm/420	quantity	quantity channel has no prior committed result	Provide the arithmetic sum for 710 together with 221.                                                                                                                                                                           	add 710 221	quantity.add	quantity.add 710 221	result 931	kernel committed result 931	lexical	0
q34-confirm/421	quantity	quantity channel has no prior committed result	Provide the arithmetic product for 54 together with 74.                                                                                                                                                                         	multiply 54 74	quantity.multiply	quantity.multiply 54 74	result 3996	kernel committed result 3996	lexical	0
q34-confirm/422	quantity	quantity channel has no prior committed result	Provide the reduced rational sum for -10/5 together with -8/23.                                                                                                                                                                 	add-rational -10/5 -8/23	quantity.add-rational	quantity.add-rational -10/5 -8/23	result -54/23	kernel committed result -54/23	lexical	0
q34-confirm/423	quantity	quantity channel has no prior committed result	Provide the millimeters equivalent for 961 centimeters.                                                                                                                                                                         	convert 961 cm-to-mm	quantity.convert	quantity.convert 961 cm-to-mm	result 9610 mm	kernel committed result 9610 mm	lexical	0
q34-confirm/424	quantity	quantity channel has no prior committed result	Provide the root x for 14*x+-21=-735.                                                                                                                                                                                           	solve 14*x+-21=-735	quantity.solve-linear	quantity.solve-linear 14 -21 -735	x -51	kernel committed x -51	lexical	0
q34-confirm/425	quantity	quantity channel has no prior committed result	A counter begins at -266 and shifts 836. Where does it finish?                                                                                                                                                                  	add -266 836	quantity.add	quantity.add -266 836	result 570	kernel committed result 570	implicit	0
q34-confirm/426	quantity	quantity channel has no prior committed result	A signed area uses width -65 and height -60. What area results?                                                                                                                                                                 	multiply -65 -60	quantity.multiply	quantity.multiply -65 -60	result 3900	kernel committed result 3900	implicit	0
q34-confirm/427	quantity	quantity channel has no prior committed result	A fractional counter begins at 8/6 and shifts 18/16. Where does it finish?                                                                                                                                                      	add-rational 8/6 18/16	quantity.add-rational	quantity.add-rational 8/6 18/16	result 59/24	kernel committed result 59/24	implicit	0
q34-confirm/428	quantity	quantity channel has no prior committed result	A fixed length marked 131 m needs a cm label. What number is printed?                                                                                                                                                           	convert 131 m-to-cm	quantity.convert	quantity.convert 131 m-to-cm	result 13100 cm	kernel committed result 13100 cm	implicit	0
q34-confirm/429	quantity	quantity channel has no prior committed result	A number substituted for x makes 15*x+-93 and -498 identical. Which number?                                                                                                                                                     	solve 15*x+-93=-498	quantity.solve-linear	quantity.solve-linear 15 -93 -498	x -27	kernel committed x -27	implicit	0
q34-confirm/430	quantity	quantity channel has no prior committed result	How much does 874 plus -697 produce?                                                                                                                                                                                            	add 874 -697	quantity.add	quantity.add 874 -697	result 177	kernel committed result 177	lexical	1
q34-confirm/431	quantity	quantity channel has no prior committed result	How much does -12 times -97 produce?                                                                                                                                                                                            	multiply -12 -97	quantity.multiply	quantity.multiply -12 -97	result 1164	kernel committed result 1164	lexical	1
q34-confirm/432	quantity	quantity channel has no prior committed result	How much does fraction 16/5 plus fraction 11/19 produce?                                                                                                                                                                        	add-rational 16/5 11/19	quantity.add-rational	quantity.add-rational 16/5 11/19	result 359/95	kernel committed result 359/95	lexical	1
q34-confirm/433	quantity	quantity channel has no prior committed result	How many millimeters represent 936 centimeters?                                                                                                                                                                                 	convert 936 cm-to-mm	quantity.convert	quantity.convert 936 cm-to-mm	result 9360 mm	kernel committed result 9360 mm	lexical	1
q34-confirm/434	quantity	quantity channel has no prior committed result	How much must x be for 23*x+3 to produce 1337?                                                                                                                                                                                  	solve 23*x+3=1337	quantity.solve-linear	quantity.solve-linear 23 3 1337	x 58	kernel committed x 58	lexical	1
q34-confirm/435	quantity	quantity channel has no prior committed result	The first signed contribution is 249; the second is 166. What is the net amount?                                                                                                                                                	add 249 166	quantity.add	quantity.add 249 166	result 415	kernel committed result 415	implicit	1
q34-confirm/436	quantity	quantity channel has no prior committed result	An operator repeats the scale -36 across value -57. What comes out?                                                                                                                                                             	multiply -36 -57	quantity.multiply	quantity.multiply -36 -57	result 2052	kernel committed result 2052	implicit	1
q34-confirm/437	quantity	quantity channel has no prior committed result	The first fractional contribution is -7/8; the second is -3/5. What is the net amount?                                                                                                                                          	add-rational -7/8 -3/5	quantity.add-rational	quantity.add-rational -7/8 -3/5	result -59/40	kernel committed result -59/40	implicit	1
q34-confirm/438	quantity	quantity channel has no prior committed result	The length stays identical while m is replaced by cm. Starting from 310, what is shown?                                                                                                                                         	convert 310 m-to-cm	quantity.convert	quantity.convert 310 m-to-cm	result 31000 cm	kernel committed result 31000 cm	implicit	1
q34-confirm/439	quantity	quantity channel has no prior committed result	The left side 21*x+93 must land exactly on 807. What x does that?                                                                                                                                                               	solve 21*x+93=807	quantity.solve-linear	quantity.solve-linear 21 93 807	x 34	kernel committed x 34	implicit	1
q34-confirm/440	quantity	quantity channel has no prior committed result	Combine the signed pair -728, -75 into a total.                                                                                                                                                                                 	add -728 -75	quantity.add	quantity.add -728 -75	result -803	kernel committed result -803	lexical	2
q34-confirm/441	quantity	quantity channel has no prior committed result	Apply factor 88 to 58 and report the result.                                                                                                                                                                                    	multiply 88 58	quantity.multiply	quantity.multiply 88 58	result 5104	kernel committed result 5104	lexical	2
q34-confirm/442	quantity	quantity channel has no prior committed result	Combine rational pair -1/15, 24/6 into one value.                                                                                                                                                                               	add-rational -1/15 24/6	quantity.add-rational	quantity.add-rational -1/15 24/6	result 59/15	kernel committed result 59/15	lexical	2
q34-confirm/443	quantity	quantity channel has no prior committed result	Change only the unit notation of 201 kilograms to grams.                                                                                                                                                                        	convert 201 kg-to-g	quantity.convert	quantity.convert 201 kg-to-g	result 201000 g	kernel committed result 201000 g	lexical	2
q34-confirm/444	quantity	quantity channel has no prior committed result	Determine the unknown in the relation 6*x+-3=-273.                                                                                                                                                                              	solve 6*x+-3=-273	quantity.solve-linear	quantity.solve-linear 6 -3 -273	x -45	kernel committed x -45	lexical	2
q34-confirm/445	quantity	quantity channel has no prior committed result	After a balance of 981 receives -842, what balance remains?                                                                                                                                                                     	add 981 -842	quantity.add	quantity.add 981 -842	result 139	kernel committed result 139	implicit	2
q34-confirm/446	quantity	quantity channel has no prior committed result	A signed rate -7 spans 51 intervals. What accumulated amount appears?                                                                                                                                                           	multiply -7 51	quantity.multiply	quantity.multiply -7 51	result -357	kernel committed result -357	implicit	2
q34-confirm/447	quantity	quantity channel has no prior committed result	After a rational balance of 15/13 receives -8/18, what balance remains?                                                                                                                                                         	add-rational 15/13 -8/18	quantity.add-rational	quantity.add-rational 15/13 -8/18	result 83/117	kernel committed result 83/117	implicit	2
q34-confirm/448	quantity	quantity channel has no prior committed result	Two labels describe one amount: one is 769 centimeters; what is the millimeters label?                                                                                                                                          	convert 769 cm-to-mm	quantity.convert	quantity.convert 769 cm-to-mm	result 7690 mm	kernel committed result 7690 mm	implicit	2
q34-confirm/449	quantity	quantity channel has no prior committed result	Balance the statement 17*x+-59=-1181 by choosing x.                                                                                                                                                                             	solve 17*x+-59=-1181	quantity.solve-linear	quantity.solve-linear 17 -59 -1181	x -66	kernel committed x -66	implicit	2
q34-confirm/450	quantity	quantity channel has no prior committed result	Provide the arithmetic sum for -113 together with 984.                                                                                                          	add -113 984	quantity.add	quantity.add -113 984	result 871	kernel committed result 871	lexical	0
q34-confirm/451	quantity	quantity channel has no prior committed result	Provide the arithmetic product for -6 together with -91.                                                                                                        	multiply -6 -91	quantity.multiply	quantity.multiply -6 -91	result 546	kernel committed result 546	lexical	0
q34-confirm/452	quantity	quantity channel has no prior committed result	Provide the reduced rational sum for -7/19 together with -24/2.                                                                                                 	add-rational -7/19 -24/2	quantity.add-rational	quantity.add-rational -7/19 -24/2	result -235/19	kernel committed result -235/19	lexical	0
q34-confirm/453	quantity	quantity channel has no prior committed result	Provide the grams equivalent for 489 kilograms.                                                                                                                 	convert 489 kg-to-g	quantity.convert	quantity.convert 489 kg-to-g	result 489000 g	kernel committed result 489000 g	lexical	0
q34-confirm/454	quantity	quantity channel has no prior committed result	Provide the root x for 1*x+-63=-47.                                                                                                                             	solve 1*x+-63=-47	quantity.solve-linear	quantity.solve-linear 1 -63 -47	x 16	kernel committed x 16	lexical	0
q34-confirm/455	quantity	quantity channel has no prior committed result	A counter begins at -495 and shifts -347. Where does it finish?                                                                                                 	add -495 -347	quantity.add	quantity.add -495 -347	result -842	kernel committed result -842	implicit	0
q34-confirm/456	quantity	quantity channel has no prior committed result	A signed area uses width -24 and height -9. What area results?                                                                                                  	multiply -24 -9	quantity.multiply	quantity.multiply -24 -9	result 216	kernel committed result 216	implicit	0
q34-confirm/457	quantity	quantity channel has no prior committed result	A fractional counter begins at 22/13 and shifts -4/6. Where does it finish?                                                                                     	add-rational 22/13 -4/6	quantity.add-rational	quantity.add-rational 22/13 -4/6	result 40/39	kernel committed result 40/39	implicit	0
q34-confirm/458	quantity	quantity channel has no prior committed result	A fixed length marked 596 cm needs a mm label. What number is printed?                                                                                          	convert 596 cm-to-mm	quantity.convert	quantity.convert 596 cm-to-mm	result 5960 mm	kernel committed result 5960 mm	implicit	0
q34-confirm/459	quantity	quantity channel has no prior committed result	A number substituted for x makes 18*x+-81 and -1521 identical. Which number?                                                                                    	solve 18*x+-81=-1521	quantity.solve-linear	quantity.solve-linear 18 -81 -1521	x -80	kernel committed x -80	implicit	0
q34-confirm/460	quantity	quantity channel has no prior committed result	How much does 6 plus 904 produce?                                                                                                                               	add 6 904	quantity.add	quantity.add 6 904	result 910	kernel committed result 910	lexical	1
q34-confirm/461	quantity	quantity channel has no prior committed result	How much does 28 times 7 produce?                                                                                                                               	multiply 28 7	quantity.multiply	quantity.multiply 28 7	result 196	kernel committed result 196	lexical	1
q34-confirm/462	quantity	quantity channel has no prior committed result	How much does fraction 13/8 plus fraction -11/4 produce?                                                                                                        	add-rational 13/8 -11/4	quantity.add-rational	quantity.add-rational 13/8 -11/4	result -9/8	kernel committed result -9/8	lexical	1
q34-confirm/463	quantity	quantity channel has no prior committed result	How many millimeters represent 646 centimeters?                                                                                                                 	convert 646 cm-to-mm	quantity.convert	quantity.convert 646 cm-to-mm	result 6460 mm	kernel committed result 6460 mm	lexical	1
q34-confirm/464	quantity	quantity channel has no prior committed result	How much must x be for 23*x+-20 to produce 141?                                                                                                                 	solve 23*x+-20=141	quantity.solve-linear	quantity.solve-linear 23 -20 141	x 7	kernel committed x 7	lexical	1
q34-confirm/465	quantity	quantity channel has no prior committed result	The first signed contribution is 507; the second is 971. What is the net amount?                                                                                	add 507 971	quantity.add	quantity.add 507 971	result 1478	kernel committed result 1478	implicit	1
q34-confirm/466	quantity	quantity channel has no prior committed result	An operator repeats the scale -56 across value 47. What comes out?                                                                                              	multiply -56 47	quantity.multiply	quantity.multiply -56 47	result -2632	kernel committed result -2632	implicit	1
q34-confirm/467	quantity	quantity channel has no prior committed result	The first fractional contribution is 2/7; the second is 14/3. What is the net amount?                                                                           	add-rational 2/7 14/3	quantity.add-rational	quantity.add-rational 2/7 14/3	result 104/21	kernel committed result 104/21	implicit	1
q34-confirm/468	quantity	quantity channel has no prior committed result	The length stays identical while cm is replaced by mm. Starting from 80, what is shown?                                                                         	convert 80 cm-to-mm	quantity.convert	quantity.convert 80 cm-to-mm	result 800 mm	kernel committed result 800 mm	implicit	1
q34-confirm/469	quantity	quantity channel has no prior committed result	The left side 3*x+-32 must land exactly on -221. What x does that?                                                                                              	solve 3*x+-32=-221	quantity.solve-linear	quantity.solve-linear 3 -32 -221	x -63	kernel committed x -63	implicit	1
q34-confirm/470	quantity	quantity channel has no prior committed result	Combine the signed pair -660, -366 into a total.                                                                                                                	add -660 -366	quantity.add	quantity.add -660 -366	result -1026	kernel committed result -1026	lexical	2
q34-confirm/471	quantity	quantity channel has no prior committed result	Apply factor -13 to 93 and report the result.                                                                                                                   	multiply -13 93	quantity.multiply	quantity.multiply -13 93	result -1209	kernel committed result -1209	lexical	2
q34-confirm/472	quantity	quantity channel has no prior committed result	Combine rational pair -7/8, 12/4 into one value.                                                                                                                	add-rational -7/8 12/4	quantity.add-rational	quantity.add-rational -7/8 12/4	result 17/8	kernel committed result 17/8	lexical	2
q34-confirm/473	quantity	quantity channel has no prior committed result	Change only the unit notation of 131 meters to centimeters.                                                                                                     	convert 131 m-to-cm	quantity.convert	quantity.convert 131 m-to-cm	result 13100 cm	kernel committed result 13100 cm	lexical	2
q34-confirm/474	quantity	quantity channel has no prior committed result	Determine the unknown in the relation 2*x+92=6.                                                                                                                 	solve 2*x+92=6	quantity.solve-linear	quantity.solve-linear 2 92 6	x -43	kernel committed x -43	lexical	2
q34-confirm/475	quantity	quantity channel has no prior committed result	After a balance of -685 receives -324, what balance remains?                                                                                                    	add -685 -324	quantity.add	quantity.add -685 -324	result -1009	kernel committed result -1009	implicit	2
q34-confirm/476	quantity	quantity channel has no prior committed result	A signed rate -75 spans -88 intervals. What accumulated amount appears?                                                                                         	multiply -75 -88	quantity.multiply	quantity.multiply -75 -88	result 6600	kernel committed result 6600	implicit	2
q34-confirm/477	quantity	quantity channel has no prior committed result	After a rational balance of 10/14 receives 12/4, what balance remains?                                                                                          	add-rational 10/14 12/4	quantity.add-rational	quantity.add-rational 10/14 12/4	result 26/7	kernel committed result 26/7	implicit	2
q34-confirm/478	quantity	quantity channel has no prior committed result	Two labels describe one amount: one is 883 kilograms; what is the grams label?                                                                                  	convert 883 kg-to-g	quantity.convert	quantity.convert 883 kg-to-g	result 883000 g	kernel committed result 883000 g	implicit	2
q34-confirm/479	quantity	quantity channel has no prior committed result	Balance the statement 2*x+40=-116 by choosing x.                                                                                                                	solve 2*x+40=-116	quantity.solve-linear	quantity.solve-linear 2 40 -116	x -78	kernel committed x -78	implicit	2
q34-confirm/480	quantity	quantity channel has no prior committed result	Provide the arithmetic sum for 347 together with 76.                                                                                                                            	add 347 76	quantity.add	quantity.add 347 76	result 423	kernel committed result 423	lexical	0
q34-confirm/481	quantity	quantity channel has no prior committed result	Provide the arithmetic product for 39 together with 39.                                                                                                                         	multiply 39 39	quantity.multiply	quantity.multiply 39 39	result 1521	kernel committed result 1521	lexical	0
q34-confirm/482	quantity	quantity channel has no prior committed result	Provide the reduced rational sum for -22/18 together with -7/19.                                                                                                                	add-rational -22/18 -7/19	quantity.add-rational	quantity.add-rational -22/18 -7/19	result -272/171	kernel committed result -272/171	lexical	0
q34-confirm/483	quantity	quantity channel has no prior committed result	Provide the grams equivalent for 918 kilograms.                                                                                                                                 	convert 918 kg-to-g	quantity.convert	quantity.convert 918 kg-to-g	result 918000 g	kernel committed result 918000 g	lexical	0
q34-confirm/484	quantity	quantity channel has no prior committed result	Provide the root x for 18*x+-62=676.                                                                                                                                            	solve 18*x+-62=676	quantity.solve-linear	quantity.solve-linear 18 -62 676	x 41	kernel committed x 41	lexical	0
q34-confirm/485	quantity	quantity channel has no prior committed result	A counter begins at 845 and shifts -90. Where does it finish?                                                                                                                   	add 845 -90	quantity.add	quantity.add 845 -90	result 755	kernel committed result 755	implicit	0
q34-confirm/486	quantity	quantity channel has no prior committed result	A signed area uses width 9 and height 31. What area results?                                                                                                                    	multiply 9 31	quantity.multiply	quantity.multiply 9 31	result 279	kernel committed result 279	implicit	0
q34-confirm/487	quantity	quantity channel has no prior committed result	A fractional counter begins at -19/2 and shifts -20/15. Where does it finish?                                                                                                   	add-rational -19/2 -20/15	quantity.add-rational	quantity.add-rational -19/2 -20/15	result -65/6	kernel committed result -65/6	implicit	0
q34-confirm/488	quantity	quantity channel has no prior committed result	A fixed mass marked 438 kg needs a g label. What number is printed?                                                                                                             	convert 438 kg-to-g	quantity.convert	quantity.convert 438 kg-to-g	result 438000 g	kernel committed result 438000 g	implicit	0
q34-confirm/489	quantity	quantity channel has no prior committed result	A number substituted for x makes 20*x+-89 and -1389 identical. Which number?                                                                                                    	solve 20*x+-89=-1389	quantity.solve-linear	quantity.solve-linear 20 -89 -1389	x -65	kernel committed x -65	implicit	0
q34-confirm/490	quantity	quantity channel has no prior committed result	How much does 289 plus -568 produce?                                                                                                                                            	add 289 -568	quantity.add	quantity.add 289 -568	result -279	kernel committed result -279	lexical	1
q34-confirm/491	quantity	quantity channel has no prior committed result	How much does -22 times 20 produce?                                                                                                                                             	multiply -22 20	quantity.multiply	quantity.multiply -22 20	result -440	kernel committed result -440	lexical	1
q34-confirm/492	quantity	quantity channel has no prior committed result	How much does fraction 15/14 plus fraction 14/13 produce?                                                                                                                       	add-rational 15/14 14/13	quantity.add-rational	quantity.add-rational 15/14 14/13	result 391/182	kernel committed result 391/182	lexical	1
q34-confirm/493	quantity	quantity channel has no prior committed result	How many grams represent 279 kilograms?                                                                                                                                         	convert 279 kg-to-g	quantity.convert	quantity.convert 279 kg-to-g	result 279000 g	kernel committed result 279000 g	lexical	1
q34-confirm/494	quantity	quantity channel has no prior committed result	How much must x be for 23*x+89 to produce 1469?                                                                                                                                 	solve 23*x+89=1469	quantity.solve-linear	quantity.solve-linear 23 89 1469	x 60	kernel committed x 60	lexical	1
q34-confirm/495	quantity	quantity channel has no prior committed result	The first signed contribution is -178; the second is 387. What is the net amount?                                                                                               	add -178 387	quantity.add	quantity.add -178 387	result 209	kernel committed result 209	implicit	1
q34-confirm/496	quantity	quantity channel has no prior committed result	An operator repeats the scale 75 across value -38. What comes out?                                                                                                              	multiply 75 -38	quantity.multiply	quantity.multiply 75 -38	result -2850	kernel committed result -2850	implicit	1
q34-confirm/497	quantity	quantity channel has no prior committed result	The first fractional contribution is 10/11; the second is 20/8. What is the net amount?                                                                                         	add-rational 10/11 20/8	quantity.add-rational	quantity.add-rational 10/11 20/8	result 75/22	kernel committed result 75/22	implicit	1
q34-confirm/498	quantity	quantity channel has no prior committed result	The length stays identical while cm is replaced by mm. Starting from 466, what is shown?                                                                                        	convert 466 cm-to-mm	quantity.convert	quantity.convert 466 cm-to-mm	result 4660 mm	kernel committed result 4660 mm	implicit	1
q34-confirm/499	quantity	quantity channel has no prior committed result	The left side 8*x+-17 must land exactly on -353. What x does that?                                                                                                              	solve 8*x+-17=-353	quantity.solve-linear	quantity.solve-linear 8 -17 -353	x -42	kernel committed x -42	implicit	1
