id	domain	previous_summary	model_input	canonical_input	model_request	bound_request	artifact	summary	stratum	template_id
q34-private/000	quantity	quantity channel has no prior committed result	What sum is obtained from 53 and -719?                                                                                                                          	add 53 -719	quantity.add	quantity.add 53 -719	result -666	kernel committed result -666	lexical	0
q34-private/001	quantity	quantity channel has no prior committed result	What product comes from 89 and -42?                                                                                                                             	multiply 89 -42	quantity.multiply	quantity.multiply 89 -42	result -3738	kernel committed result -3738	lexical	0
q34-private/002	quantity	quantity channel has no prior committed result	What reduced sum comes from fractions -19/3 and 12/17?                                                                                                          	add-rational -19/3 12/17	quantity.add-rational	quantity.add-rational -19/3 12/17	result -287/51	kernel committed result -287/51	lexical	0
q34-private/003	quantity	quantity channel has no prior committed result	What is 166 kilograms when stated in grams?                                                                                                                     	convert 166 kg-to-g	quantity.convert	quantity.convert 166 kg-to-g	result 166000 g	kernel committed result 166000 g	lexical	0
q34-private/004	quantity	quantity channel has no prior committed result	What x satisfies the linear statement 20*x+1=-1419?                                                                                                             	solve 20*x+1=-1419	quantity.solve-linear	quantity.solve-linear 20 1 -1419	x -71	kernel committed x -71	lexical	0
q34-private/005	quantity	quantity channel has no prior committed result	Move from 731 by the signed distance -880. Where do you arrive?                                                                                                 	add 731 -880	quantity.add	quantity.add 731 -880	result -149	kernel committed result -149	implicit	0
q34-private/006	quantity	quantity channel has no prior committed result	The signed side lengths 32 and -38 define an area. What is it?                                                                                                  	multiply 32 -38	quantity.multiply	quantity.multiply 32 -38	result -1216	kernel committed result -1216	implicit	0
q34-private/007	quantity	quantity channel has no prior committed result	Move from rational point -1/20 by 22/2. Where do you arrive?                                                                                                    	add-rational -1/20 22/2	quantity.add-rational	quantity.add-rational -1/20 22/2	result 219/20	kernel committed result 219/20	implicit	0
q34-private/008	quantity	quantity channel has no prior committed result	One unchanged length reads 872 m. What would its cm reading be?                                                                                                 	convert 872 m-to-cm	quantity.convert	quantity.convert 872 m-to-cm	result 87200 cm	kernel committed result 87200 cm	implicit	0
q34-private/009	quantity	quantity channel has no prior committed result	Which x makes the equality 23*x+-61=2101 hold?                                                                                                                  	solve 23*x+-61=2101	quantity.solve-linear	quantity.solve-linear 23 -61 2101	x 94	kernel committed x 94	implicit	0
q34-private/010	quantity	quantity channel has no prior committed result	Evaluate 867 plus the value -51.                                                                                                                                	add 867 -51	quantity.add	quantity.add 867 -51	result 816	kernel committed result 816	lexical	1
q34-private/011	quantity	quantity channel has no prior committed result	Evaluate -20 times the value 54.                                                                                                                                	multiply -20 54	quantity.multiply	quantity.multiply -20 54	result -1080	kernel committed result -1080	lexical	1
q34-private/012	quantity	quantity channel has no prior committed result	Evaluate the rational expression 9/15 plus 16/20.                                                                                                               	add-rational 9/15 16/20	quantity.add-rational	quantity.add-rational 9/15 16/20	result 7/5	kernel committed result 7/5	lexical	1
q34-private/013	quantity	quantity channel has no prior committed result	Write the equivalent centimeters value for 486 meters.                                                                                                          	convert 486 m-to-cm	quantity.convert	quantity.convert 486 m-to-cm	result 48600 cm	kernel committed result 48600 cm	lexical	1
q34-private/014	quantity	quantity channel has no prior committed result	Evaluate the unknown x in 12*x+-30=-198.                                                                                                                        	solve 12*x+-30=-198	quantity.solve-linear	quantity.solve-linear 12 -30 -198	x -14	kernel committed x -14	lexical	1
q34-private/015	quantity	quantity channel has no prior committed result	A score of 782 changes by -786. What is the resulting score?                                                                                                    	add 782 -786	quantity.add	quantity.add 782 -786	result -4	kernel committed result -4	implicit	1
q34-private/016	quantity	quantity channel has no prior committed result	A transformation scales 97 by -25. What output appears?                                                                                                         	multiply -25 97	quantity.multiply	quantity.multiply -25 97	result -2425	kernel committed result -2425	implicit	1
q34-private/017	quantity	quantity channel has no prior committed result	A fractional balance of 3/9 changes by 11/6. What does it show?                                                                                                 	add-rational 3/9 11/6	quantity.add-rational	quantity.add-rational 3/9 11/6	result 13/6	kernel committed result 13/6	implicit	1
q34-private/018	quantity	quantity channel has no prior committed result	Replace the unit kg with g without changing the amount 588. What number results?                                                                                	convert 588 kg-to-g	quantity.convert	quantity.convert 588 kg-to-g	result 588000 g	kernel committed result 588000 g	implicit	1
q34-private/019	quantity	quantity channel has no prior committed result	The scale 12, hidden x, and offset -15 must reach -99. What is x?                                                                                               	solve 12*x+-15=-99	quantity.solve-linear	quantity.solve-linear 12 -15 -99	x -7	kernel committed x -7	implicit	1
q34-private/020	quantity	quantity channel has no prior committed result	Total the signed numbers -654 and -288.                                                                                                                         	add -654 -288	quantity.add	quantity.add -654 -288	result -942	kernel committed result -942	lexical	2
q34-private/021	quantity	quantity channel has no prior committed result	Use -77 as a scale factor on 82.                                                                                                                                	multiply -77 82	quantity.multiply	quantity.multiply -77 82	result -6314	kernel committed result -6314	lexical	2
q34-private/022	quantity	quantity channel has no prior committed result	Total fractional values 20/9 and -19/24.                                                                                                                        	add-rational 20/9 -19/24	quantity.add-rational	quantity.add-rational 20/9 -19/24	result 103/72	kernel committed result 103/72	lexical	2
q34-private/023	quantity	quantity channel has no prior committed result	Translate 852 kilograms into grams.                                                                                                                             	convert 852 kg-to-g	quantity.convert	quantity.convert 852 kg-to-g	result 852000 g	kernel committed result 852000 g	lexical	2
q34-private/024	quantity	quantity channel has no prior committed result	Find the x-value making 5*x+57 equal -363.                                                                                                                      	solve 5*x+57=-363	quantity.solve-linear	quantity.solve-linear 5 57 -363	x -84	kernel committed x -84	lexical	2
q34-private/025	quantity	quantity channel has no prior committed result	Amounts -368 and 977 enter one balance. What does it show?                                                                                                      	add -368 977	quantity.add	quantity.add -368 977	result 609	kernel committed result 609	implicit	2
q34-private/026	quantity	quantity channel has no prior committed result	There are -29 signed units for each of -64 units. What total appears?                                                                                           	multiply -29 -64	quantity.multiply	quantity.multiply -29 -64	result 1856	kernel committed result 1856	implicit	2
q34-private/027	quantity	quantity channel has no prior committed result	Portions -18/10 and -16/18 enter one measure. What amount is present?                                                                                           	add-rational -18/10 -16/18	quantity.add-rational	quantity.add-rational -18/10 -16/18	result -121/45	kernel committed result -121/45	implicit	2
q34-private/028	quantity	quantity channel has no prior committed result	The amount 19 meters is unchanged but measured in centimeters. What is the reading?                                                                             	convert 19 m-to-cm	quantity.convert	quantity.convert 19 m-to-cm	result 1900 cm	kernel committed result 1900 cm	implicit	2
q34-private/029	quantity	quantity channel has no prior committed result	Insert a number for x so 5*x+68 and -62 balance.                                                                                                                	solve 5*x+68=-62	quantity.solve-linear	quantity.solve-linear 5 68 -62	x -26	kernel committed x -26	implicit	2
q34-private/030	quantity	quantity channel has no prior committed result	What sum is obtained from 679 and -277?                                                                                                                                         	add 679 -277	quantity.add	quantity.add 679 -277	result 402	kernel committed result 402	lexical	0
q34-private/031	quantity	quantity channel has no prior committed result	What product comes from 98 and -83?                                                                                                                                             	multiply 98 -83	quantity.multiply	quantity.multiply 98 -83	result -8134	kernel committed result -8134	lexical	0
q34-private/032	quantity	quantity channel has no prior committed result	What reduced sum comes from fractions 13/3 and 0/13?                                                                                                                            	add-rational 13/3 0/13	quantity.add-rational	quantity.add-rational 13/3 0/13	result 13/3	kernel committed result 13/3	lexical	0
q34-private/033	quantity	quantity channel has no prior committed result	What is 999 kilograms when stated in grams?                                                                                                                                     	convert 999 kg-to-g	quantity.convert	quantity.convert 999 kg-to-g	result 999000 g	kernel committed result 999000 g	lexical	0
q34-private/034	quantity	quantity channel has no prior committed result	What x satisfies the linear statement 8*x+-32=232?                                                                                                                              	solve 8*x+-32=232	quantity.solve-linear	quantity.solve-linear 8 -32 232	x 33	kernel committed x 33	lexical	0
q34-private/035	quantity	quantity channel has no prior committed result	Move from 436 by the signed distance 269. Where do you arrive?                                                                                                                  	add 436 269	quantity.add	quantity.add 436 269	result 705	kernel committed result 705	implicit	0
q34-private/036	quantity	quantity channel has no prior committed result	The signed side lengths 42 and -17 define an area. What is it?                                                                                                                  	multiply 42 -17	quantity.multiply	quantity.multiply 42 -17	result -714	kernel committed result -714	implicit	0
q34-private/037	quantity	quantity channel has no prior committed result	Move from rational point -10/16 by -4/19. Where do you arrive?                                                                                                                  	add-rational -10/16 -4/19	quantity.add-rational	quantity.add-rational -10/16 -4/19	result -127/152	kernel committed result -127/152	implicit	0
q34-private/038	quantity	quantity channel has no prior committed result	One unchanged length reads 183 cm. What would its mm reading be?                                                                                                                	convert 183 cm-to-mm	quantity.convert	quantity.convert 183 cm-to-mm	result 1830 mm	kernel committed result 1830 mm	implicit	0
q34-private/039	quantity	quantity channel has no prior committed result	Which x makes the equality 18*x+-93=1221 hold?                                                                                                                                  	solve 18*x+-93=1221	quantity.solve-linear	quantity.solve-linear 18 -93 1221	x 73	kernel committed x 73	implicit	0
q34-private/040	quantity	quantity channel has no prior committed result	Evaluate -108 plus the value -982.                                                                                                                                              	add -108 -982	quantity.add	quantity.add -108 -982	result -1090	kernel committed result -1090	lexical	1
q34-private/041	quantity	quantity channel has no prior committed result	Evaluate -94 times the value -55.                                                                                                                                               	multiply -94 -55	quantity.multiply	quantity.multiply -94 -55	result 5170	kernel committed result 5170	lexical	1
q34-private/042	quantity	quantity channel has no prior committed result	Evaluate the rational expression 17/1 plus 22/16.                                                                                                                               	add-rational 17/1 22/16	quantity.add-rational	quantity.add-rational 17/1 22/16	result 147/8	kernel committed result 147/8	lexical	1
q34-private/043	quantity	quantity channel has no prior committed result	Write the equivalent centimeters value for 584 meters.                                                                                                                          	convert 584 m-to-cm	quantity.convert	quantity.convert 584 m-to-cm	result 58400 cm	kernel committed result 58400 cm	lexical	1
q34-private/044	quantity	quantity channel has no prior committed result	Evaluate the unknown x in 13*x+-10=-556.                                                                                                                                        	solve 13*x+-10=-556	quantity.solve-linear	quantity.solve-linear 13 -10 -556	x -42	kernel committed x -42	lexical	1
q34-private/045	quantity	quantity channel has no prior committed result	A score of 961 changes by 760. What is the resulting score?                                                                                                                     	add 961 760	quantity.add	quantity.add 961 760	result 1721	kernel committed result 1721	implicit	1
q34-private/046	quantity	quantity channel has no prior committed result	A transformation scales -12 by -51. What output appears?                                                                                                                        	multiply -51 -12	quantity.multiply	quantity.multiply -51 -12	result 612	kernel committed result 612	implicit	1
q34-private/047	quantity	quantity channel has no prior committed result	A fractional balance of 10/7 changes by 14/1. What does it show?                                                                                                                	add-rational 10/7 14/1	quantity.add-rational	quantity.add-rational 10/7 14/1	result 108/7	kernel committed result 108/7	implicit	1
q34-private/048	quantity	quantity channel has no prior committed result	Replace the unit cm with mm without changing the amount 224. What number results?                                                                                               	convert 224 cm-to-mm	quantity.convert	quantity.convert 224 cm-to-mm	result 2240 mm	kernel committed result 2240 mm	implicit	1
q34-private/049	quantity	quantity channel has no prior committed result	The scale 6, hidden x, and offset -14 must reach 448. What is x?                                                                                                                	solve 6*x+-14=448	quantity.solve-linear	quantity.solve-linear 6 -14 448	x 77	kernel committed x 77	implicit	1
q34-private/050	quantity	quantity channel has no prior committed result	Total the signed numbers 3 and -609.                                                                                                                                            	add 3 -609	quantity.add	quantity.add 3 -609	result -606	kernel committed result -606	lexical	2
q34-private/051	quantity	quantity channel has no prior committed result	Use 30 as a scale factor on -73.                                                                                                                                                	multiply 30 -73	quantity.multiply	quantity.multiply 30 -73	result -2190	kernel committed result -2190	lexical	2
q34-private/052	quantity	quantity channel has no prior committed result	Total fractional values 9/10 and -11/18.                                                                                                                                        	add-rational 9/10 -11/18	quantity.add-rational	quantity.add-rational 9/10 -11/18	result 13/45	kernel committed result 13/45	lexical	2
q34-private/053	quantity	quantity channel has no prior committed result	Translate 131 meters into centimeters.                                                                                                                                          	convert 131 m-to-cm	quantity.convert	quantity.convert 131 m-to-cm	result 13100 cm	kernel committed result 13100 cm	lexical	2
q34-private/054	quantity	quantity channel has no prior committed result	Find the x-value making 22*x+9 equal 185.                                                                                                                                       	solve 22*x+9=185	quantity.solve-linear	quantity.solve-linear 22 9 185	x 8	kernel committed x 8	lexical	2
q34-private/055	quantity	quantity channel has no prior committed result	Amounts -142 and 610 enter one balance. What does it show?                                                                                                                      	add -142 610	quantity.add	quantity.add -142 610	result 468	kernel committed result 468	implicit	2
q34-private/056	quantity	quantity channel has no prior committed result	There are 82 signed units for each of 48 units. What total appears?                                                                                                             	multiply 82 48	quantity.multiply	quantity.multiply 82 48	result 3936	kernel committed result 3936	implicit	2
q34-private/057	quantity	quantity channel has no prior committed result	Portions 12/20 and -10/15 enter one measure. What amount is present?                                                                                                            	add-rational 12/20 -10/15	quantity.add-rational	quantity.add-rational 12/20 -10/15	result -1/15	kernel committed result -1/15	implicit	2
q34-private/058	quantity	quantity channel has no prior committed result	The amount 709 meters is unchanged but measured in centimeters. What is the reading?                                                                                            	convert 709 m-to-cm	quantity.convert	quantity.convert 709 m-to-cm	result 70900 cm	kernel committed result 70900 cm	implicit	2
q34-private/059	quantity	quantity channel has no prior committed result	Insert a number for x so 19*x+16 and 453 balance.                                                                                                                               	solve 19*x+16=453	quantity.solve-linear	quantity.solve-linear 19 16 453	x 23	kernel committed x 23	implicit	2
q34-private/060	quantity	quantity channel has no prior committed result	What sum is obtained from 776 and 542?                                                                                                                                                          	add 776 542	quantity.add	quantity.add 776 542	result 1318	kernel committed result 1318	lexical	0
q34-private/061	quantity	quantity channel has no prior committed result	What product comes from 66 and 9?                                                                                                                                                               	multiply 66 9	quantity.multiply	quantity.multiply 66 9	result 594	kernel committed result 594	lexical	0
q34-private/062	quantity	quantity channel has no prior committed result	What reduced sum comes from fractions -18/9 and -9/6?                                                                                                                                           	add-rational -18/9 -9/6	quantity.add-rational	quantity.add-rational -18/9 -9/6	result -7/2	kernel committed result -7/2	lexical	0
q34-private/063	quantity	quantity channel has no prior committed result	What is 647 meters when stated in centimeters?                                                                                                                                                  	convert 647 m-to-cm	quantity.convert	quantity.convert 647 m-to-cm	result 64700 cm	kernel committed result 64700 cm	lexical	0
q34-private/064	quantity	quantity channel has no prior committed result	What x satisfies the linear statement 8*x+-17=-329?                                                                                                                                             	solve 8*x+-17=-329	quantity.solve-linear	quantity.solve-linear 8 -17 -329	x -39	kernel committed x -39	lexical	0
q34-private/065	quantity	quantity channel has no prior committed result	Move from -519 by the signed distance -493. Where do you arrive?                                                                                                                                	add -519 -493	quantity.add	quantity.add -519 -493	result -1012	kernel committed result -1012	implicit	0
q34-private/066	quantity	quantity channel has no prior committed result	The signed side lengths -27 and 40 define an area. What is it?                                                                                                                                  	multiply -27 40	quantity.multiply	quantity.multiply -27 40	result -1080	kernel committed result -1080	implicit	0
q34-private/067	quantity	quantity channel has no prior committed result	Move from rational point -24/14 by 1/16. Where do you arrive?                                                                                                                                   	add-rational -24/14 1/16	quantity.add-rational	quantity.add-rational -24/14 1/16	result -185/112	kernel committed result -185/112	implicit	0
q34-private/068	quantity	quantity channel has no prior committed result	One unchanged mass reads 57 kg. What would its g reading be?                                                                                                                                    	convert 57 kg-to-g	quantity.convert	quantity.convert 57 kg-to-g	result 57000 g	kernel committed result 57000 g	implicit	0
q34-private/069	quantity	quantity channel has no prior committed result	Which x makes the equality 12*x+86=-466 hold?                                                                                                                                                   	solve 12*x+86=-466	quantity.solve-linear	quantity.solve-linear 12 86 -466	x -46	kernel committed x -46	implicit	0
q34-private/070	quantity	quantity channel has no prior committed result	Evaluate 486 plus the value -670.                                                                                                                                                               	add 486 -670	quantity.add	quantity.add 486 -670	result -184	kernel committed result -184	lexical	1
q34-private/071	quantity	quantity channel has no prior committed result	Evaluate 7 times the value 17.                                                                                                                                                                  	multiply 7 17	quantity.multiply	quantity.multiply 7 17	result 119	kernel committed result 119	lexical	1
q34-private/072	quantity	quantity channel has no prior committed result	Evaluate the rational expression -6/14 plus -13/17.                                                                                                                                             	add-rational -6/14 -13/17	quantity.add-rational	quantity.add-rational -6/14 -13/17	result -142/119	kernel committed result -142/119	lexical	1
q34-private/073	quantity	quantity channel has no prior committed result	Write the equivalent millimeters value for 933 centimeters.                                                                                                                                     	convert 933 cm-to-mm	quantity.convert	quantity.convert 933 cm-to-mm	result 9330 mm	kernel committed result 9330 mm	lexical	1
q34-private/074	quantity	quantity channel has no prior committed result	Evaluate the unknown x in 14*x+-3=-941.                                                                                                                                                         	solve 14*x+-3=-941	quantity.solve-linear	quantity.solve-linear 14 -3 -941	x -67	kernel committed x -67	lexical	1
q34-private/075	quantity	quantity channel has no prior committed result	A score of -755 changes by 104. What is the resulting score?                                                                                                                                    	add -755 104	quantity.add	quantity.add -755 104	result -651	kernel committed result -651	implicit	1
q34-private/076	quantity	quantity channel has no prior committed result	A transformation scales 4 by 12. What output appears?                                                                                                                                           	multiply 12 4	quantity.multiply	quantity.multiply 12 4	result 48	kernel committed result 48	implicit	1
q34-private/077	quantity	quantity channel has no prior committed result	A fractional balance of 0/23 changes by -2/18. What does it show?                                                                                                                               	add-rational 0/23 -2/18	quantity.add-rational	quantity.add-rational 0/23 -2/18	result -1/9	kernel committed result -1/9	implicit	1
q34-private/078	quantity	quantity channel has no prior committed result	Replace the unit kg with g without changing the amount 776. What number results?                                                                                                                	convert 776 kg-to-g	quantity.convert	quantity.convert 776 kg-to-g	result 776000 g	kernel committed result 776000 g	implicit	1
q34-private/079	quantity	quantity channel has no prior committed result	The scale 16, hidden x, and offset -66 must reach -1618. What is x?                                                                                                                             	solve 16*x+-66=-1618	quantity.solve-linear	quantity.solve-linear 16 -66 -1618	x -97	kernel committed x -97	implicit	1
q34-private/080	quantity	quantity channel has no prior committed result	Total the signed numbers -601 and 548.                                                                                                                                                          	add -601 548	quantity.add	quantity.add -601 548	result -53	kernel committed result -53	lexical	2
q34-private/081	quantity	quantity channel has no prior committed result	Use 55 as a scale factor on -37.                                                                                                                                                                	multiply 55 -37	quantity.multiply	quantity.multiply 55 -37	result -2035	kernel committed result -2035	lexical	2
q34-private/082	quantity	quantity channel has no prior committed result	Total fractional values -23/17 and -8/11.                                                                                                                                                       	add-rational -23/17 -8/11	quantity.add-rational	quantity.add-rational -23/17 -8/11	result -389/187	kernel committed result -389/187	lexical	2
q34-private/083	quantity	quantity channel has no prior committed result	Translate 861 centimeters into millimeters.                                                                                                                                                     	convert 861 cm-to-mm	quantity.convert	quantity.convert 861 cm-to-mm	result 8610 mm	kernel committed result 8610 mm	lexical	2
q34-private/084	quantity	quantity channel has no prior committed result	Find the x-value making 19*x+54 equal -1694.                                                                                                                                                    	solve 19*x+54=-1694	quantity.solve-linear	quantity.solve-linear 19 54 -1694	x -92	kernel committed x -92	lexical	2
q34-private/085	quantity	quantity channel has no prior committed result	Amounts 584 and -226 enter one balance. What does it show?                                                                                                                                      	add 584 -226	quantity.add	quantity.add 584 -226	result 358	kernel committed result 358	implicit	2
q34-private/086	quantity	quantity channel has no prior committed result	There are -93 signed units for each of -35 units. What total appears?                                                                                                                           	multiply -93 -35	quantity.multiply	quantity.multiply -93 -35	result 3255	kernel committed result 3255	implicit	2
q34-private/087	quantity	quantity channel has no prior committed result	Portions -15/7 and 7/24 enter one measure. What amount is present?                                                                                                                              	add-rational -15/7 7/24	quantity.add-rational	quantity.add-rational -15/7 7/24	result -311/168	kernel committed result -311/168	implicit	2
q34-private/088	quantity	quantity channel has no prior committed result	The amount 782 kilograms is unchanged but measured in grams. What is the reading?                                                                                                               	convert 782 kg-to-g	quantity.convert	quantity.convert 782 kg-to-g	result 782000 g	kernel committed result 782000 g	implicit	2
q34-private/089	quantity	quantity channel has no prior committed result	Insert a number for x so 13*x+-95 and -563 balance.                                                                                                                                             	solve 13*x+-95=-563	quantity.solve-linear	quantity.solve-linear 13 -95 -563	x -36	kernel committed x -36	implicit	2
q34-private/090	quantity	quantity channel has no prior committed result	What sum is obtained from 145 and -282?                                                                                                                                                                         	add 145 -282	quantity.add	quantity.add 145 -282	result -137	kernel committed result -137	lexical	0
q34-private/091	quantity	quantity channel has no prior committed result	What product comes from -65 and 41?                                                                                                                                                                             	multiply -65 41	quantity.multiply	quantity.multiply -65 41	result -2665	kernel committed result -2665	lexical	0
q34-private/092	quantity	quantity channel has no prior committed result	What reduced sum comes from fractions 3/20 and -19/11?                                                                                                                                                          	add-rational 3/20 -19/11	quantity.add-rational	quantity.add-rational 3/20 -19/11	result -347/220	kernel committed result -347/220	lexical	0
q34-private/093	quantity	quantity channel has no prior committed result	What is 695 kilograms when stated in grams?                                                                                                                                                                     	convert 695 kg-to-g	quantity.convert	quantity.convert 695 kg-to-g	result 695000 g	kernel committed result 695000 g	lexical	0
q34-private/094	quantity	quantity channel has no prior committed result	What x satisfies the linear statement 6*x+16=-248?                                                                                                                                                              	solve 6*x+16=-248	quantity.solve-linear	quantity.solve-linear 6 16 -248	x -44	kernel committed x -44	lexical	0
q34-private/095	quantity	quantity channel has no prior committed result	Move from 495 by the signed distance 214. Where do you arrive?                                                                                                                                                  	add 495 214	quantity.add	quantity.add 495 214	result 709	kernel committed result 709	implicit	0
q34-private/096	quantity	quantity channel has no prior committed result	The signed side lengths 66 and 74 define an area. What is it?                                                                                                                                                   	multiply 66 74	quantity.multiply	quantity.multiply 66 74	result 4884	kernel committed result 4884	implicit	0
q34-private/097	quantity	quantity channel has no prior committed result	Move from rational point 16/19 by 16/5. Where do you arrive?                                                                                                                                                    	add-rational 16/19 16/5	quantity.add-rational	quantity.add-rational 16/19 16/5	result 384/95	kernel committed result 384/95	implicit	0
q34-private/098	quantity	quantity channel has no prior committed result	One unchanged length reads 23 cm. What would its mm reading be?                                                                                                                                                 	convert 23 cm-to-mm	quantity.convert	quantity.convert 23 cm-to-mm	result 230 mm	kernel committed result 230 mm	implicit	0
q34-private/099	quantity	quantity channel has no prior committed result	Which x makes the equality 10*x+-66=-506 hold?                                                                                                                                                                  	solve 10*x+-66=-506	quantity.solve-linear	quantity.solve-linear 10 -66 -506	x -44	kernel committed x -44	implicit	0
q34-private/100	quantity	quantity channel has no prior committed result	Evaluate -622 plus the value -153.                                                                                                                                                                              	add -622 -153	quantity.add	quantity.add -622 -153	result -775	kernel committed result -775	lexical	1
q34-private/101	quantity	quantity channel has no prior committed result	Evaluate 65 times the value -42.                                                                                                                                                                                	multiply 65 -42	quantity.multiply	quantity.multiply 65 -42	result -2730	kernel committed result -2730	lexical	1
q34-private/102	quantity	quantity channel has no prior committed result	Evaluate the rational expression -15/17 plus 1/23.                                                                                                                                                              	add-rational -15/17 1/23	quantity.add-rational	quantity.add-rational -15/17 1/23	result -328/391	kernel committed result -328/391	lexical	1
q34-private/103	quantity	quantity channel has no prior committed result	Write the equivalent grams value for 362 kilograms.                                                                                                                                                             	convert 362 kg-to-g	quantity.convert	quantity.convert 362 kg-to-g	result 362000 g	kernel committed result 362000 g	lexical	1
q34-private/104	quantity	quantity channel has no prior committed result	Evaluate the unknown x in 20*x+88=868.                                                                                                                                                                          	solve 20*x+88=868	quantity.solve-linear	quantity.solve-linear 20 88 868	x 39	kernel committed x 39	lexical	1
q34-private/105	quantity	quantity channel has no prior committed result	A score of -357 changes by 297. What is the resulting score?                                                                                                                                                    	add -357 297	quantity.add	quantity.add -357 297	result -60	kernel committed result -60	implicit	1
q34-private/106	quantity	quantity channel has no prior committed result	A transformation scales -68 by -25. What output appears?                                                                                                                                                        	multiply -25 -68	quantity.multiply	quantity.multiply -25 -68	result 1700	kernel committed result 1700	implicit	1
q34-private/107	quantity	quantity channel has no prior committed result	A fractional balance of 13/17 changes by -16/7. What does it show?                                                                                                                                              	add-rational 13/17 -16/7	quantity.add-rational	quantity.add-rational 13/17 -16/7	result -181/119	kernel committed result -181/119	implicit	1
q34-private/108	quantity	quantity channel has no prior committed result	Replace the unit cm with mm without changing the amount 278. What number results?                                                                                                                               	convert 278 cm-to-mm	quantity.convert	quantity.convert 278 cm-to-mm	result 2780 mm	kernel committed result 2780 mm	implicit	1
q34-private/109	quantity	quantity channel has no prior committed result	The scale 23, hidden x, and offset -78 must reach 1900. What is x?                                                                                                                                              	solve 23*x+-78=1900	quantity.solve-linear	quantity.solve-linear 23 -78 1900	x 86	kernel committed x 86	implicit	1
q34-private/110	quantity	quantity channel has no prior committed result	Total the signed numbers -389 and 359.                                                                                                                                                                          	add -389 359	quantity.add	quantity.add -389 359	result -30	kernel committed result -30	lexical	2
q34-private/111	quantity	quantity channel has no prior committed result	Use 88 as a scale factor on 82.                                                                                                                                                                                 	multiply 88 82	quantity.multiply	quantity.multiply 88 82	result 7216	kernel committed result 7216	lexical	2
q34-private/112	quantity	quantity channel has no prior committed result	Total fractional values 18/13 and -6/14.                                                                                                                                                                        	add-rational 18/13 -6/14	quantity.add-rational	quantity.add-rational 18/13 -6/14	result 87/91	kernel committed result 87/91	lexical	2
q34-private/113	quantity	quantity channel has no prior committed result	Translate 804 meters into centimeters.                                                                                                                                                                          	convert 804 m-to-cm	quantity.convert	quantity.convert 804 m-to-cm	result 80400 cm	kernel committed result 80400 cm	lexical	2
q34-private/114	quantity	quantity channel has no prior committed result	Find the x-value making 14*x+-90 equal -1434.                                                                                                                                                                   	solve 14*x+-90=-1434	quantity.solve-linear	quantity.solve-linear 14 -90 -1434	x -96	kernel committed x -96	lexical	2
q34-private/115	quantity	quantity channel has no prior committed result	Amounts -178 and -944 enter one balance. What does it show?                                                                                                                                                     	add -178 -944	quantity.add	quantity.add -178 -944	result -1122	kernel committed result -1122	implicit	2
q34-private/116	quantity	quantity channel has no prior committed result	There are -25 signed units for each of 1 units. What total appears?                                                                                                                                             	multiply -25 1	quantity.multiply	quantity.multiply -25 1	result -25	kernel committed result -25	implicit	2
q34-private/117	quantity	quantity channel has no prior committed result	Portions 2/5 and 16/7 enter one measure. What amount is present?                                                                                                                                                	add-rational 2/5 16/7	quantity.add-rational	quantity.add-rational 2/5 16/7	result 94/35	kernel committed result 94/35	implicit	2
q34-private/118	quantity	quantity channel has no prior committed result	The amount 306 kilograms is unchanged but measured in grams. What is the reading?                                                                                                                               	convert 306 kg-to-g	quantity.convert	quantity.convert 306 kg-to-g	result 306000 g	kernel committed result 306000 g	implicit	2
q34-private/119	quantity	quantity channel has no prior committed result	Insert a number for x so 21*x+5 and 47 balance.                                                                                                                                                                 	solve 21*x+5=47	quantity.solve-linear	quantity.solve-linear 21 5 47	x 2	kernel committed x 2	implicit	2
q34-private/120	quantity	quantity channel has no prior committed result	What sum is obtained from -246 and 335?                                                                                                                                                                                         	add -246 335	quantity.add	quantity.add -246 335	result 89	kernel committed result 89	lexical	0
q34-private/121	quantity	quantity channel has no prior committed result	What product comes from -53 and 19?                                                                                                                                                                                             	multiply -53 19	quantity.multiply	quantity.multiply -53 19	result -1007	kernel committed result -1007	lexical	0
q34-private/122	quantity	quantity channel has no prior committed result	What reduced sum comes from fractions -7/3 and 24/19?                                                                                                                                                                           	add-rational -7/3 24/19	quantity.add-rational	quantity.add-rational -7/3 24/19	result -61/57	kernel committed result -61/57	lexical	0
q34-private/123	quantity	quantity channel has no prior committed result	What is 587 meters when stated in centimeters?                                                                                                                                                                                  	convert 587 m-to-cm	quantity.convert	quantity.convert 587 m-to-cm	result 58700 cm	kernel committed result 58700 cm	lexical	0
q34-private/124	quantity	quantity channel has no prior committed result	What x satisfies the linear statement 20*x+15=1675?                                                                                                                                                                             	solve 20*x+15=1675	quantity.solve-linear	quantity.solve-linear 20 15 1675	x 83	kernel committed x 83	lexical	0
q34-private/125	quantity	quantity channel has no prior committed result	Move from 786 by the signed distance -173. Where do you arrive?                                                                                                                                                                 	add 786 -173	quantity.add	quantity.add 786 -173	result 613	kernel committed result 613	implicit	0
q34-private/126	quantity	quantity channel has no prior committed result	The signed side lengths 43 and 32 define an area. What is it?                                                                                                                                                                   	multiply 43 32	quantity.multiply	quantity.multiply 43 32	result 1376	kernel committed result 1376	implicit	0
q34-private/127	quantity	quantity channel has no prior committed result	Move from rational point -8/7 by -20/14. Where do you arrive?                                                                                                                                                                   	add-rational -8/7 -20/14	quantity.add-rational	quantity.add-rational -8/7 -20/14	result -18/7	kernel committed result -18/7	implicit	0
q34-private/128	quantity	quantity channel has no prior committed result	One unchanged length reads 36 cm. What would its mm reading be?                                                                                                                                                                 	convert 36 cm-to-mm	quantity.convert	quantity.convert 36 cm-to-mm	result 360 mm	kernel committed result 360 mm	implicit	0
q34-private/129	quantity	quantity channel has no prior committed result	Which x makes the equality 9*x+3=246 hold?                                                                                                                                                                                      	solve 9*x+3=246	quantity.solve-linear	quantity.solve-linear 9 3 246	x 27	kernel committed x 27	implicit	0
q34-private/130	quantity	quantity channel has no prior committed result	Evaluate 497 plus the value -531.                                                                                                                                                                                               	add 497 -531	quantity.add	quantity.add 497 -531	result -34	kernel committed result -34	lexical	1
q34-private/131	quantity	quantity channel has no prior committed result	Evaluate -28 times the value 38.                                                                                                                                                                                                	multiply -28 38	quantity.multiply	quantity.multiply -28 38	result -1064	kernel committed result -1064	lexical	1
q34-private/132	quantity	quantity channel has no prior committed result	Evaluate the rational expression 15/23 plus -16/2.                                                                                                                                                                              	add-rational 15/23 -16/2	quantity.add-rational	quantity.add-rational 15/23 -16/2	result -169/23	kernel committed result -169/23	lexical	1
q34-private/133	quantity	quantity channel has no prior committed result	Write the equivalent centimeters value for 991 meters.                                                                                                                                                                          	convert 991 m-to-cm	quantity.convert	quantity.convert 991 m-to-cm	result 99100 cm	kernel committed result 99100 cm	lexical	1
q34-private/134	quantity	quantity channel has no prior committed result	Evaluate the unknown x in 22*x+-45=-727.                                                                                                                                                                                        	solve 22*x+-45=-727	quantity.solve-linear	quantity.solve-linear 22 -45 -727	x -31	kernel committed x -31	lexical	1
q34-private/135	quantity	quantity channel has no prior committed result	A score of 810 changes by -118. What is the resulting score?                                                                                                                                                                    	add 810 -118	quantity.add	quantity.add 810 -118	result 692	kernel committed result 692	implicit	1
q34-private/136	quantity	quantity channel has no prior committed result	A transformation scales -25 by 21. What output appears?                                                                                                                                                                         	multiply 21 -25	quantity.multiply	quantity.multiply 21 -25	result -525	kernel committed result -525	implicit	1
q34-private/137	quantity	quantity channel has no prior committed result	A fractional balance of -6/3 changes by -5/3. What does it show?                                                                                                                                                                	add-rational -6/3 -5/3	quantity.add-rational	quantity.add-rational -6/3 -5/3	result -11/3	kernel committed result -11/3	implicit	1
q34-private/138	quantity	quantity channel has no prior committed result	Replace the unit m with cm without changing the amount 324. What number results?                                                                                                                                                	convert 324 m-to-cm	quantity.convert	quantity.convert 324 m-to-cm	result 32400 cm	kernel committed result 32400 cm	implicit	1
q34-private/139	quantity	quantity channel has no prior committed result	The scale 23, hidden x, and offset 69 must reach -1863. What is x?                                                                                                                                                              	solve 23*x+69=-1863	quantity.solve-linear	quantity.solve-linear 23 69 -1863	x -84	kernel committed x -84	implicit	1
q34-private/140	quantity	quantity channel has no prior committed result	Total the signed numbers -303 and -250.                                                                                                                                                                                         	add -303 -250	quantity.add	quantity.add -303 -250	result -553	kernel committed result -553	lexical	2
q34-private/141	quantity	quantity channel has no prior committed result	Use -63 as a scale factor on 49.                                                                                                                                                                                                	multiply -63 49	quantity.multiply	quantity.multiply -63 49	result -3087	kernel committed result -3087	lexical	2
q34-private/142	quantity	quantity channel has no prior committed result	Total fractional values 16/2 and 4/7.                                                                                                                                                                                           	add-rational 16/2 4/7	quantity.add-rational	quantity.add-rational 16/2 4/7	result 60/7	kernel committed result 60/7	lexical	2
q34-private/143	quantity	quantity channel has no prior committed result	Translate 852 meters into centimeters.                                                                                                                                                                                          	convert 852 m-to-cm	quantity.convert	quantity.convert 852 m-to-cm	result 85200 cm	kernel committed result 85200 cm	lexical	2
q34-private/144	quantity	quantity channel has no prior committed result	Find the x-value making 21*x+-58 equal 845.                                                                                                                                                                                     	solve 21*x+-58=845	quantity.solve-linear	quantity.solve-linear 21 -58 845	x 43	kernel committed x 43	lexical	2
q34-private/145	quantity	quantity channel has no prior committed result	Amounts -623 and -643 enter one balance. What does it show?                                                                                                                                                                     	add -623 -643	quantity.add	quantity.add -623 -643	result -1266	kernel committed result -1266	implicit	2
q34-private/146	quantity	quantity channel has no prior committed result	There are 24 signed units for each of 61 units. What total appears?                                                                                                                                                             	multiply 24 61	quantity.multiply	quantity.multiply 24 61	result 1464	kernel committed result 1464	implicit	2
q34-private/147	quantity	quantity channel has no prior committed result	Portions 2/18 and -19/6 enter one measure. What amount is present?                                                                                                                                                              	add-rational 2/18 -19/6	quantity.add-rational	quantity.add-rational 2/18 -19/6	result -55/18	kernel committed result -55/18	implicit	2
q34-private/148	quantity	quantity channel has no prior committed result	The amount 853 centimeters is unchanged but measured in millimeters. What is the reading?                                                                                                                                       	convert 853 cm-to-mm	quantity.convert	quantity.convert 853 cm-to-mm	result 8530 mm	kernel committed result 8530 mm	implicit	2
q34-private/149	quantity	quantity channel has no prior committed result	Insert a number for x so 2*x+-60 and 86 balance.                                                                                                                                                                                	solve 2*x+-60=86	quantity.solve-linear	quantity.solve-linear 2 -60 86	x 73	kernel committed x 73	implicit	2
q34-private/150	quantity	quantity channel has no prior committed result	What sum is obtained from -980 and 760?                                                                                                                         	add -980 760	quantity.add	quantity.add -980 760	result -220	kernel committed result -220	lexical	0
q34-private/151	quantity	quantity channel has no prior committed result	What product comes from 65 and -54?                                                                                                                             	multiply 65 -54	quantity.multiply	quantity.multiply 65 -54	result -3510	kernel committed result -3510	lexical	0
q34-private/152	quantity	quantity channel has no prior committed result	What reduced sum comes from fractions 24/10 and 3/18?                                                                                                           	add-rational 24/10 3/18	quantity.add-rational	quantity.add-rational 24/10 3/18	result 77/30	kernel committed result 77/30	lexical	0
q34-private/153	quantity	quantity channel has no prior committed result	What is 952 centimeters when stated in millimeters?                                                                                                             	convert 952 cm-to-mm	quantity.convert	quantity.convert 952 cm-to-mm	result 9520 mm	kernel committed result 9520 mm	lexical	0
q34-private/154	quantity	quantity channel has no prior committed result	What x satisfies the linear statement 4*x+-85=-337?                                                                                                             	solve 4*x+-85=-337	quantity.solve-linear	quantity.solve-linear 4 -85 -337	x -63	kernel committed x -63	lexical	0
q34-private/155	quantity	quantity channel has no prior committed result	Move from 524 by the signed distance -995. Where do you arrive?                                                                                                 	add 524 -995	quantity.add	quantity.add 524 -995	result -471	kernel committed result -471	implicit	0
q34-private/156	quantity	quantity channel has no prior committed result	The signed side lengths -54 and 98 define an area. What is it?                                                                                                  	multiply -54 98	quantity.multiply	quantity.multiply -54 98	result -5292	kernel committed result -5292	implicit	0
q34-private/157	quantity	quantity channel has no prior committed result	Move from rational point 13/3 by 5/1. Where do you arrive?                                                                                                      	add-rational 13/3 5/1	quantity.add-rational	quantity.add-rational 13/3 5/1	result 28/3	kernel committed result 28/3	implicit	0
q34-private/158	quantity	quantity channel has no prior committed result	One unchanged mass reads 351 kg. What would its g reading be?                                                                                                   	convert 351 kg-to-g	quantity.convert	quantity.convert 351 kg-to-g	result 351000 g	kernel committed result 351000 g	implicit	0
q34-private/159	quantity	quantity channel has no prior committed result	Which x makes the equality 24*x+16=-2024 hold?                                                                                                                  	solve 24*x+16=-2024	quantity.solve-linear	quantity.solve-linear 24 16 -2024	x -85	kernel committed x -85	implicit	0
q34-private/160	quantity	quantity channel has no prior committed result	Evaluate 668 plus the value -758.                                                                                                                               	add 668 -758	quantity.add	quantity.add 668 -758	result -90	kernel committed result -90	lexical	1
q34-private/161	quantity	quantity channel has no prior committed result	Evaluate -49 times the value -25.                                                                                                                               	multiply -49 -25	quantity.multiply	quantity.multiply -49 -25	result 1225	kernel committed result 1225	lexical	1
q34-private/162	quantity	quantity channel has no prior committed result	Evaluate the rational expression 14/2 plus 21/18.                                                                                                               	add-rational 14/2 21/18	quantity.add-rational	quantity.add-rational 14/2 21/18	result 49/6	kernel committed result 49/6	lexical	1
q34-private/163	quantity	quantity channel has no prior committed result	Write the equivalent millimeters value for 327 centimeters.                                                                                                     	convert 327 cm-to-mm	quantity.convert	quantity.convert 327 cm-to-mm	result 3270 mm	kernel committed result 3270 mm	lexical	1
q34-private/164	quantity	quantity channel has no prior committed result	Evaluate the unknown x in 1*x+87=180.                                                                                                                           	solve 1*x+87=180	quantity.solve-linear	quantity.solve-linear 1 87 180	x 93	kernel committed x 93	lexical	1
q34-private/165	quantity	quantity channel has no prior committed result	A score of -887 changes by -7. What is the resulting score?                                                                                                     	add -887 -7	quantity.add	quantity.add -887 -7	result -894	kernel committed result -894	implicit	1
q34-private/166	quantity	quantity channel has no prior committed result	A transformation scales -62 by -57. What output appears?                                                                                                        	multiply -57 -62	quantity.multiply	quantity.multiply -57 -62	result 3534	kernel committed result 3534	implicit	1
q34-private/167	quantity	quantity channel has no prior committed result	A fractional balance of -3/20 changes by -5/17. What does it show?                                                                                              	add-rational -3/20 -5/17	quantity.add-rational	quantity.add-rational -3/20 -5/17	result -151/340	kernel committed result -151/340	implicit	1
q34-private/168	quantity	quantity channel has no prior committed result	Replace the unit m with cm without changing the amount 248. What number results?                                                                                	convert 248 m-to-cm	quantity.convert	quantity.convert 248 m-to-cm	result 24800 cm	kernel committed result 24800 cm	implicit	1
q34-private/169	quantity	quantity channel has no prior committed result	The scale 22, hidden x, and offset -46 must reach 1450. What is x?                                                                                              	solve 22*x+-46=1450	quantity.solve-linear	quantity.solve-linear 22 -46 1450	x 68	kernel committed x 68	implicit	1
q34-private/170	quantity	quantity channel has no prior committed result	Total the signed numbers 36 and 843.                                                                                                                            	add 36 843	quantity.add	quantity.add 36 843	result 879	kernel committed result 879	lexical	2
q34-private/171	quantity	quantity channel has no prior committed result	Use 21 as a scale factor on 70.                                                                                                                                 	multiply 21 70	quantity.multiply	quantity.multiply 21 70	result 1470	kernel committed result 1470	lexical	2
q34-private/172	quantity	quantity channel has no prior committed result	Total fractional values -19/24 and -3/22.                                                                                                                       	add-rational -19/24 -3/22	quantity.add-rational	quantity.add-rational -19/24 -3/22	result -245/264	kernel committed result -245/264	lexical	2
q34-private/173	quantity	quantity channel has no prior committed result	Translate 47 kilograms into grams.                                                                                                                              	convert 47 kg-to-g	quantity.convert	quantity.convert 47 kg-to-g	result 47000 g	kernel committed result 47000 g	lexical	2
q34-private/174	quantity	quantity channel has no prior committed result	Find the x-value making 2*x+-78 equal -102.                                                                                                                     	solve 2*x+-78=-102	quantity.solve-linear	quantity.solve-linear 2 -78 -102	x -12	kernel committed x -12	lexical	2
q34-private/175	quantity	quantity channel has no prior committed result	Amounts 148 and -692 enter one balance. What does it show?                                                                                                      	add 148 -692	quantity.add	quantity.add 148 -692	result -544	kernel committed result -544	implicit	2
q34-private/176	quantity	quantity channel has no prior committed result	There are -64 signed units for each of 98 units. What total appears?                                                                                            	multiply -64 98	quantity.multiply	quantity.multiply -64 98	result -6272	kernel committed result -6272	implicit	2
q34-private/177	quantity	quantity channel has no prior committed result	Portions 19/1 and 17/7 enter one measure. What amount is present?                                                                                               	add-rational 19/1 17/7	quantity.add-rational	quantity.add-rational 19/1 17/7	result 150/7	kernel committed result 150/7	implicit	2
q34-private/178	quantity	quantity channel has no prior committed result	The amount 556 kilograms is unchanged but measured in grams. What is the reading?                                                                               	convert 556 kg-to-g	quantity.convert	quantity.convert 556 kg-to-g	result 556000 g	kernel committed result 556000 g	implicit	2
q34-private/179	quantity	quantity channel has no prior committed result	Insert a number for x so 1*x+-11 and 4 balance.                                                                                                                 	solve 1*x+-11=4	quantity.solve-linear	quantity.solve-linear 1 -11 4	x 15	kernel committed x 15	implicit	2
q34-private/180	quantity	quantity channel has no prior committed result	What sum is obtained from -272 and -382?                                                                                                                                        	add -272 -382	quantity.add	quantity.add -272 -382	result -654	kernel committed result -654	lexical	0
q34-private/181	quantity	quantity channel has no prior committed result	What product comes from -4 and 88?                                                                                                                                              	multiply -4 88	quantity.multiply	quantity.multiply -4 88	result -352	kernel committed result -352	lexical	0
q34-private/182	quantity	quantity channel has no prior committed result	What reduced sum comes from fractions 8/1 and 16/23?                                                                                                                            	add-rational 8/1 16/23	quantity.add-rational	quantity.add-rational 8/1 16/23	result 200/23	kernel committed result 200/23	lexical	0
q34-private/183	quantity	quantity channel has no prior committed result	What is 8 centimeters when stated in millimeters?                                                                                                                               	convert 8 cm-to-mm	quantity.convert	quantity.convert 8 cm-to-mm	result 80 mm	kernel committed result 80 mm	lexical	0
q34-private/184	quantity	quantity channel has no prior committed result	What x satisfies the linear statement 4*x+13=-239?                                                                                                                              	solve 4*x+13=-239	quantity.solve-linear	quantity.solve-linear 4 13 -239	x -63	kernel committed x -63	lexical	0
q34-private/185	quantity	quantity channel has no prior committed result	Move from 585 by the signed distance 396. Where do you arrive?                                                                                                                  	add 585 396	quantity.add	quantity.add 585 396	result 981	kernel committed result 981	implicit	0
q34-private/186	quantity	quantity channel has no prior committed result	The signed side lengths 69 and 7 define an area. What is it?                                                                                                                    	multiply 69 7	quantity.multiply	quantity.multiply 69 7	result 483	kernel committed result 483	implicit	0
q34-private/187	quantity	quantity channel has no prior committed result	Move from rational point 9/14 by -4/3. Where do you arrive?                                                                                                                     	add-rational 9/14 -4/3	quantity.add-rational	quantity.add-rational 9/14 -4/3	result -29/42	kernel committed result -29/42	implicit	0
q34-private/188	quantity	quantity channel has no prior committed result	One unchanged length reads 439 m. What would its cm reading be?                                                                                                                 	convert 439 m-to-cm	quantity.convert	quantity.convert 439 m-to-cm	result 43900 cm	kernel committed result 43900 cm	implicit	0
q34-private/189	quantity	quantity channel has no prior committed result	Which x makes the equality 2*x+-5=-67 hold?                                                                                                                                     	solve 2*x+-5=-67	quantity.solve-linear	quantity.solve-linear 2 -5 -67	x -31	kernel committed x -31	implicit	0
q34-private/190	quantity	quantity channel has no prior committed result	Evaluate 6 plus the value 874.                                                                                                                                                  	add 6 874	quantity.add	quantity.add 6 874	result 880	kernel committed result 880	lexical	1
q34-private/191	quantity	quantity channel has no prior committed result	Evaluate -79 times the value -88.                                                                                                                                               	multiply -79 -88	quantity.multiply	quantity.multiply -79 -88	result 6952	kernel committed result 6952	lexical	1
q34-private/192	quantity	quantity channel has no prior committed result	Evaluate the rational expression 9/11 plus 0/9.                                                                                                                                 	add-rational 9/11 0/9	quantity.add-rational	quantity.add-rational 9/11 0/9	result 9/11	kernel committed result 9/11	lexical	1
q34-private/193	quantity	quantity channel has no prior committed result	Write the equivalent grams value for 267 kilograms.                                                                                                                             	convert 267 kg-to-g	quantity.convert	quantity.convert 267 kg-to-g	result 267000 g	kernel committed result 267000 g	lexical	1
q34-private/194	quantity	quantity channel has no prior committed result	Evaluate the unknown x in 20*x+-81=1399.                                                                                                                                        	solve 20*x+-81=1399	quantity.solve-linear	quantity.solve-linear 20 -81 1399	x 74	kernel committed x 74	lexical	1
q34-private/195	quantity	quantity channel has no prior committed result	A score of 832 changes by 254. What is the resulting score?                                                                                                                     	add 832 254	quantity.add	quantity.add 832 254	result 1086	kernel committed result 1086	implicit	1
q34-private/196	quantity	quantity channel has no prior committed result	A transformation scales -16 by 6. What output appears?                                                                                                                          	multiply 6 -16	quantity.multiply	quantity.multiply 6 -16	result -96	kernel committed result -96	implicit	1
q34-private/197	quantity	quantity channel has no prior committed result	A fractional balance of -10/11 changes by -17/16. What does it show?                                                                                                            	add-rational -10/11 -17/16	quantity.add-rational	quantity.add-rational -10/11 -17/16	result -347/176	kernel committed result -347/176	implicit	1
q34-private/198	quantity	quantity channel has no prior committed result	Replace the unit kg with g without changing the amount 911. What number results?                                                                                                	convert 911 kg-to-g	quantity.convert	quantity.convert 911 kg-to-g	result 911000 g	kernel committed result 911000 g	implicit	1
q34-private/199	quantity	quantity channel has no prior committed result	The scale 12, hidden x, and offset -53 must reach -857. What is x?                                                                                                              	solve 12*x+-53=-857	quantity.solve-linear	quantity.solve-linear 12 -53 -857	x -67	kernel committed x -67	implicit	1
q34-private/200	quantity	quantity channel has no prior committed result	Total the signed numbers -181 and 146.                                                                                                                                          	add -181 146	quantity.add	quantity.add -181 146	result -35	kernel committed result -35	lexical	2
q34-private/201	quantity	quantity channel has no prior committed result	Use 21 as a scale factor on 38.                                                                                                                                                 	multiply 21 38	quantity.multiply	quantity.multiply 21 38	result 798	kernel committed result 798	lexical	2
q34-private/202	quantity	quantity channel has no prior committed result	Total fractional values 10/4 and -13/16.                                                                                                                                        	add-rational 10/4 -13/16	quantity.add-rational	quantity.add-rational 10/4 -13/16	result 27/16	kernel committed result 27/16	lexical	2
q34-private/203	quantity	quantity channel has no prior committed result	Translate 962 meters into centimeters.                                                                                                                                          	convert 962 m-to-cm	quantity.convert	quantity.convert 962 m-to-cm	result 96200 cm	kernel committed result 96200 cm	lexical	2
q34-private/204	quantity	quantity channel has no prior committed result	Find the x-value making 22*x+-39 equal 1875.                                                                                                                                    	solve 22*x+-39=1875	quantity.solve-linear	quantity.solve-linear 22 -39 1875	x 87	kernel committed x 87	lexical	2
q34-private/205	quantity	quantity channel has no prior committed result	Amounts 45 and 223 enter one balance. What does it show?                                                                                                                        	add 45 223	quantity.add	quantity.add 45 223	result 268	kernel committed result 268	implicit	2
q34-private/206	quantity	quantity channel has no prior committed result	There are -20 signed units for each of -73 units. What total appears?                                                                                                           	multiply -20 -73	quantity.multiply	quantity.multiply -20 -73	result 1460	kernel committed result 1460	implicit	2
q34-private/207	quantity	quantity channel has no prior committed result	Portions -21/17 and 18/17 enter one measure. What amount is present?                                                                                                            	add-rational -21/17 18/17	quantity.add-rational	quantity.add-rational -21/17 18/17	result -3/17	kernel committed result -3/17	implicit	2
q34-private/208	quantity	quantity channel has no prior committed result	The amount 605 meters is unchanged but measured in centimeters. What is the reading?                                                                                            	convert 605 m-to-cm	quantity.convert	quantity.convert 605 m-to-cm	result 60500 cm	kernel committed result 60500 cm	implicit	2
q34-private/209	quantity	quantity channel has no prior committed result	Insert a number for x so 18*x+48 and 426 balance.                                                                                                                               	solve 18*x+48=426	quantity.solve-linear	quantity.solve-linear 18 48 426	x 21	kernel committed x 21	implicit	2
q34-private/210	quantity	quantity channel has no prior committed result	What sum is obtained from -445 and -574?                                                                                                                                                        	add -445 -574	quantity.add	quantity.add -445 -574	result -1019	kernel committed result -1019	lexical	0
q34-private/211	quantity	quantity channel has no prior committed result	What product comes from 65 and -61?                                                                                                                                                             	multiply 65 -61	quantity.multiply	quantity.multiply 65 -61	result -3965	kernel committed result -3965	lexical	0
q34-private/212	quantity	quantity channel has no prior committed result	What reduced sum comes from fractions -15/15 and 9/2?                                                                                                                                           	add-rational -15/15 9/2	quantity.add-rational	quantity.add-rational -15/15 9/2	result 7/2	kernel committed result 7/2	lexical	0
q34-private/213	quantity	quantity channel has no prior committed result	What is 695 centimeters when stated in millimeters?                                                                                                                                             	convert 695 cm-to-mm	quantity.convert	quantity.convert 695 cm-to-mm	result 6950 mm	kernel committed result 6950 mm	lexical	0
q34-private/214	quantity	quantity channel has no prior committed result	What x satisfies the linear statement 24*x+67=-2021?                                                                                                                                            	solve 24*x+67=-2021	quantity.solve-linear	quantity.solve-linear 24 67 -2021	x -87	kernel committed x -87	lexical	0
q34-private/215	quantity	quantity channel has no prior committed result	Move from -174 by the signed distance 592. Where do you arrive?                                                                                                                                 	add -174 592	quantity.add	quantity.add -174 592	result 418	kernel committed result 418	implicit	0
q34-private/216	quantity	quantity channel has no prior committed result	The signed side lengths -98 and 2 define an area. What is it?                                                                                                                                   	multiply -98 2	quantity.multiply	quantity.multiply -98 2	result -196	kernel committed result -196	implicit	0
q34-private/217	quantity	quantity channel has no prior committed result	Move from rational point -5/11 by 3/9. Where do you arrive?                                                                                                                                     	add-rational -5/11 3/9	quantity.add-rational	quantity.add-rational -5/11 3/9	result -4/33	kernel committed result -4/33	implicit	0
q34-private/218	quantity	quantity channel has no prior committed result	One unchanged mass reads 195 kg. What would its g reading be?                                                                                                                                   	convert 195 kg-to-g	quantity.convert	quantity.convert 195 kg-to-g	result 195000 g	kernel committed result 195000 g	implicit	0
q34-private/219	quantity	quantity channel has no prior committed result	Which x makes the equality 16*x+25=105 hold?                                                                                                                                                    	solve 16*x+25=105	quantity.solve-linear	quantity.solve-linear 16 25 105	x 5	kernel committed x 5	implicit	0
q34-private/220	quantity	quantity channel has no prior committed result	Evaluate -206 plus the value 719.                                                                                                                                                               	add -206 719	quantity.add	quantity.add -206 719	result 513	kernel committed result 513	lexical	1
q34-private/221	quantity	quantity channel has no prior committed result	Evaluate -74 times the value 23.                                                                                                                                                                	multiply -74 23	quantity.multiply	quantity.multiply -74 23	result -1702	kernel committed result -1702	lexical	1
q34-private/222	quantity	quantity channel has no prior committed result	Evaluate the rational expression -11/20 plus 20/19.                                                                                                                                             	add-rational -11/20 20/19	quantity.add-rational	quantity.add-rational -11/20 20/19	result 191/380	kernel committed result 191/380	lexical	1
q34-private/223	quantity	quantity channel has no prior committed result	Write the equivalent millimeters value for 142 centimeters.                                                                                                                                     	convert 142 cm-to-mm	quantity.convert	quantity.convert 142 cm-to-mm	result 1420 mm	kernel committed result 1420 mm	lexical	1
q34-private/224	quantity	quantity channel has no prior committed result	Evaluate the unknown x in 4*x+20=240.                                                                                                                                                           	solve 4*x+20=240	quantity.solve-linear	quantity.solve-linear 4 20 240	x 55	kernel committed x 55	lexical	1
q34-private/225	quantity	quantity channel has no prior committed result	A score of 138 changes by 515. What is the resulting score?                                                                                                                                     	add 138 515	quantity.add	quantity.add 138 515	result 653	kernel committed result 653	implicit	1
q34-private/226	quantity	quantity channel has no prior committed result	A transformation scales -8 by -52. What output appears?                                                                                                                                         	multiply -52 -8	quantity.multiply	quantity.multiply -52 -8	result 416	kernel committed result 416	implicit	1
q34-private/227	quantity	quantity channel has no prior committed result	A fractional balance of -11/24 changes by -11/14. What does it show?                                                                                                                            	add-rational -11/24 -11/14	quantity.add-rational	quantity.add-rational -11/24 -11/14	result -209/168	kernel committed result -209/168	implicit	1
q34-private/228	quantity	quantity channel has no prior committed result	Replace the unit kg with g without changing the amount 998. What number results?                                                                                                                	convert 998 kg-to-g	quantity.convert	quantity.convert 998 kg-to-g	result 998000 g	kernel committed result 998000 g	implicit	1
q34-private/229	quantity	quantity channel has no prior committed result	The scale 5, hidden x, and offset 41 must reach -399. What is x?                                                                                                                                	solve 5*x+41=-399	quantity.solve-linear	quantity.solve-linear 5 41 -399	x -88	kernel committed x -88	implicit	1
q34-private/230	quantity	quantity channel has no prior committed result	Total the signed numbers -578 and 11.                                                                                                                                                           	add -578 11	quantity.add	quantity.add -578 11	result -567	kernel committed result -567	lexical	2
q34-private/231	quantity	quantity channel has no prior committed result	Use 14 as a scale factor on 65.                                                                                                                                                                 	multiply 14 65	quantity.multiply	quantity.multiply 14 65	result 910	kernel committed result 910	lexical	2
q34-private/232	quantity	quantity channel has no prior committed result	Total fractional values 1/6 and 5/18.                                                                                                                                                           	add-rational 1/6 5/18	quantity.add-rational	quantity.add-rational 1/6 5/18	result 4/9	kernel committed result 4/9	lexical	2
q34-private/233	quantity	quantity channel has no prior committed result	Translate 482 meters into centimeters.                                                                                                                                                          	convert 482 m-to-cm	quantity.convert	quantity.convert 482 m-to-cm	result 48200 cm	kernel committed result 48200 cm	lexical	2
q34-private/234	quantity	quantity channel has no prior committed result	Find the x-value making 2*x+50 equal 92.                                                                                                                                                        	solve 2*x+50=92	quantity.solve-linear	quantity.solve-linear 2 50 92	x 21	kernel committed x 21	lexical	2
q34-private/235	quantity	quantity channel has no prior committed result	Amounts 220 and -427 enter one balance. What does it show?                                                                                                                                      	add 220 -427	quantity.add	quantity.add 220 -427	result -207	kernel committed result -207	implicit	2
q34-private/236	quantity	quantity channel has no prior committed result	There are -58 signed units for each of -23 units. What total appears?                                                                                                                           	multiply -58 -23	quantity.multiply	quantity.multiply -58 -23	result 1334	kernel committed result 1334	implicit	2
q34-private/237	quantity	quantity channel has no prior committed result	Portions 12/4 and 3/17 enter one measure. What amount is present?                                                                                                                               	add-rational 12/4 3/17	quantity.add-rational	quantity.add-rational 12/4 3/17	result 54/17	kernel committed result 54/17	implicit	2
q34-private/238	quantity	quantity channel has no prior committed result	The amount 282 centimeters is unchanged but measured in millimeters. What is the reading?                                                                                                       	convert 282 cm-to-mm	quantity.convert	quantity.convert 282 cm-to-mm	result 2820 mm	kernel committed result 2820 mm	implicit	2
q34-private/239	quantity	quantity channel has no prior committed result	Insert a number for x so 1*x+74 and 29 balance.                                                                                                                                                 	solve 1*x+74=29	quantity.solve-linear	quantity.solve-linear 1 74 29	x -45	kernel committed x -45	implicit	2
q34-private/240	quantity	quantity channel has no prior committed result	What sum is obtained from 192 and -349?                                                                                                                                                                         	add 192 -349	quantity.add	quantity.add 192 -349	result -157	kernel committed result -157	lexical	0
q34-private/241	quantity	quantity channel has no prior committed result	What product comes from 79 and 33?                                                                                                                                                                              	multiply 79 33	quantity.multiply	quantity.multiply 79 33	result 2607	kernel committed result 2607	lexical	0
q34-private/242	quantity	quantity channel has no prior committed result	What reduced sum comes from fractions -9/12 and 13/23?                                                                                                                                                          	add-rational -9/12 13/23	quantity.add-rational	quantity.add-rational -9/12 13/23	result -17/92	kernel committed result -17/92	lexical	0
q34-private/243	quantity	quantity channel has no prior committed result	What is 593 kilograms when stated in grams?                                                                                                                                                                     	convert 593 kg-to-g	quantity.convert	quantity.convert 593 kg-to-g	result 593000 g	kernel committed result 593000 g	lexical	0
q34-private/244	quantity	quantity channel has no prior committed result	What x satisfies the linear statement 8*x+9=-783?                                                                                                                                                               	solve 8*x+9=-783	quantity.solve-linear	quantity.solve-linear 8 9 -783	x -99	kernel committed x -99	lexical	0
q34-private/245	quantity	quantity channel has no prior committed result	Move from -417 by the signed distance 436. Where do you arrive?                                                                                                                                                 	add -417 436	quantity.add	quantity.add -417 436	result 19	kernel committed result 19	implicit	0
q34-private/246	quantity	quantity channel has no prior committed result	The signed side lengths 64 and 82 define an area. What is it?                                                                                                                                                   	multiply 64 82	quantity.multiply	quantity.multiply 64 82	result 5248	kernel committed result 5248	implicit	0
q34-private/247	quantity	quantity channel has no prior committed result	Move from rational point 17/24 by -13/7. Where do you arrive?                                                                                                                                                   	add-rational 17/24 -13/7	quantity.add-rational	quantity.add-rational 17/24 -13/7	result -193/168	kernel committed result -193/168	implicit	0
q34-private/248	quantity	quantity channel has no prior committed result	One unchanged length reads 966 m. What would its cm reading be?                                                                                                                                                 	convert 966 m-to-cm	quantity.convert	quantity.convert 966 m-to-cm	result 96600 cm	kernel committed result 96600 cm	implicit	0
q34-private/249	quantity	quantity channel has no prior committed result	Which x makes the equality 13*x+-36=-1180 hold?                                                                                                                                                                 	solve 13*x+-36=-1180	quantity.solve-linear	quantity.solve-linear 13 -36 -1180	x -88	kernel committed x -88	implicit	0
q34-private/250	quantity	quantity channel has no prior committed result	Evaluate 383 plus the value -80.                                                                                                                                                                                	add 383 -80	quantity.add	quantity.add 383 -80	result 303	kernel committed result 303	lexical	1
q34-private/251	quantity	quantity channel has no prior committed result	Evaluate 31 times the value 22.                                                                                                                                                                                 	multiply 31 22	quantity.multiply	quantity.multiply 31 22	result 682	kernel committed result 682	lexical	1
q34-private/252	quantity	quantity channel has no prior committed result	Evaluate the rational expression 9/3 plus 10/6.                                                                                                                                                                 	add-rational 9/3 10/6	quantity.add-rational	quantity.add-rational 9/3 10/6	result 14/3	kernel committed result 14/3	lexical	1
q34-private/253	quantity	quantity channel has no prior committed result	Write the equivalent centimeters value for 804 meters.                                                                                                                                                          	convert 804 m-to-cm	quantity.convert	quantity.convert 804 m-to-cm	result 80400 cm	kernel committed result 80400 cm	lexical	1
q34-private/254	quantity	quantity channel has no prior committed result	Evaluate the unknown x in 5*x+26=-419.                                                                                                                                                                          	solve 5*x+26=-419	quantity.solve-linear	quantity.solve-linear 5 26 -419	x -89	kernel committed x -89	lexical	1
q34-private/255	quantity	quantity channel has no prior committed result	A score of 991 changes by -411. What is the resulting score?                                                                                                                                                    	add 991 -411	quantity.add	quantity.add 991 -411	result 580	kernel committed result 580	implicit	1
q34-private/256	quantity	quantity channel has no prior committed result	A transformation scales 83 by 64. What output appears?                                                                                                                                                          	multiply 64 83	quantity.multiply	quantity.multiply 64 83	result 5312	kernel committed result 5312	implicit	1
q34-private/257	quantity	quantity channel has no prior committed result	A fractional balance of 12/5 changes by -1/6. What does it show?                                                                                                                                                	add-rational 12/5 -1/6	quantity.add-rational	quantity.add-rational 12/5 -1/6	result 67/30	kernel committed result 67/30	implicit	1
q34-private/258	quantity	quantity channel has no prior committed result	Replace the unit kg with g without changing the amount 911. What number results?                                                                                                                                	convert 911 kg-to-g	quantity.convert	quantity.convert 911 kg-to-g	result 911000 g	kernel committed result 911000 g	implicit	1
q34-private/259	quantity	quantity channel has no prior committed result	The scale 21, hidden x, and offset 32 must reach -1879. What is x?                                                                                                                                              	solve 21*x+32=-1879	quantity.solve-linear	quantity.solve-linear 21 32 -1879	x -91	kernel committed x -91	implicit	1
q34-private/260	quantity	quantity channel has no prior committed result	Total the signed numbers 710 and 761.                                                                                                                                                                           	add 710 761	quantity.add	quantity.add 710 761	result 1471	kernel committed result 1471	lexical	2
q34-private/261	quantity	quantity channel has no prior committed result	Use 22 as a scale factor on -48.                                                                                                                                                                                	multiply 22 -48	quantity.multiply	quantity.multiply 22 -48	result -1056	kernel committed result -1056	lexical	2
q34-private/262	quantity	quantity channel has no prior committed result	Total fractional values -1/7 and -2/20.                                                                                                                                                                         	add-rational -1/7 -2/20	quantity.add-rational	quantity.add-rational -1/7 -2/20	result -17/70	kernel committed result -17/70	lexical	2
q34-private/263	quantity	quantity channel has no prior committed result	Translate 118 kilograms into grams.                                                                                                                                                                             	convert 118 kg-to-g	quantity.convert	quantity.convert 118 kg-to-g	result 118000 g	kernel committed result 118000 g	lexical	2
q34-private/264	quantity	quantity channel has no prior committed result	Find the x-value making 23*x+-18 equal 51.                                                                                                                                                                      	solve 23*x+-18=51	quantity.solve-linear	quantity.solve-linear 23 -18 51	x 3	kernel committed x 3	lexical	2
q34-private/265	quantity	quantity channel has no prior committed result	Amounts 569 and -68 enter one balance. What does it show?                                                                                                                                                       	add 569 -68	quantity.add	quantity.add 569 -68	result 501	kernel committed result 501	implicit	2
q34-private/266	quantity	quantity channel has no prior committed result	There are 1 signed units for each of -70 units. What total appears?                                                                                                                                             	multiply 1 -70	quantity.multiply	quantity.multiply 1 -70	result -70	kernel committed result -70	implicit	2
q34-private/267	quantity	quantity channel has no prior committed result	Portions 2/9 and -20/22 enter one measure. What amount is present?                                                                                                                                              	add-rational 2/9 -20/22	quantity.add-rational	quantity.add-rational 2/9 -20/22	result -68/99	kernel committed result -68/99	implicit	2
q34-private/268	quantity	quantity channel has no prior committed result	The amount 635 kilograms is unchanged but measured in grams. What is the reading?                                                                                                                               	convert 635 kg-to-g	quantity.convert	quantity.convert 635 kg-to-g	result 635000 g	kernel committed result 635000 g	implicit	2
q34-private/269	quantity	quantity channel has no prior committed result	Insert a number for x so 15*x+-59 and -704 balance.                                                                                                                                                             	solve 15*x+-59=-704	quantity.solve-linear	quantity.solve-linear 15 -59 -704	x -43	kernel committed x -43	implicit	2
q34-private/270	quantity	quantity channel has no prior committed result	What sum is obtained from -317 and 938?                                                                                                                                                                                         	add -317 938	quantity.add	quantity.add -317 938	result 621	kernel committed result 621	lexical	0
q34-private/271	quantity	quantity channel has no prior committed result	What product comes from 38 and -73?                                                                                                                                                                                             	multiply 38 -73	quantity.multiply	quantity.multiply 38 -73	result -2774	kernel committed result -2774	lexical	0
q34-private/272	quantity	quantity channel has no prior committed result	What reduced sum comes from fractions -11/1 and 17/15?                                                                                                                                                                          	add-rational -11/1 17/15	quantity.add-rational	quantity.add-rational -11/1 17/15	result -148/15	kernel committed result -148/15	lexical	0
q34-private/273	quantity	quantity channel has no prior committed result	What is 91 kilograms when stated in grams?                                                                                                                                                                                      	convert 91 kg-to-g	quantity.convert	quantity.convert 91 kg-to-g	result 91000 g	kernel committed result 91000 g	lexical	0
q34-private/274	quantity	quantity channel has no prior committed result	What x satisfies the linear statement 9*x+45=918?                                                                                                                                                                               	solve 9*x+45=918	quantity.solve-linear	quantity.solve-linear 9 45 918	x 97	kernel committed x 97	lexical	0
q34-private/275	quantity	quantity channel has no prior committed result	Move from -842 by the signed distance -289. Where do you arrive?                                                                                                                                                                	add -842 -289	quantity.add	quantity.add -842 -289	result -1131	kernel committed result -1131	implicit	0
q34-private/276	quantity	quantity channel has no prior committed result	The signed side lengths 94 and 9 define an area. What is it?                                                                                                                                                                    	multiply 94 9	quantity.multiply	quantity.multiply 94 9	result 846	kernel committed result 846	implicit	0
q34-private/277	quantity	quantity channel has no prior committed result	Move from rational point -11/1 by 1/20. Where do you arrive?                                                                                                                                                                    	add-rational -11/1 1/20	quantity.add-rational	quantity.add-rational -11/1 1/20	result -219/20	kernel committed result -219/20	implicit	0
q34-private/278	quantity	quantity channel has no prior committed result	One unchanged length reads 905 m. What would its cm reading be?                                                                                                                                                                 	convert 905 m-to-cm	quantity.convert	quantity.convert 905 m-to-cm	result 90500 cm	kernel committed result 90500 cm	implicit	0
q34-private/279	quantity	quantity channel has no prior committed result	Which x makes the equality 23*x+-2=1769 hold?                                                                                                                                                                                   	solve 23*x+-2=1769	quantity.solve-linear	quantity.solve-linear 23 -2 1769	x 77	kernel committed x 77	implicit	0
q34-private/280	quantity	quantity channel has no prior committed result	Evaluate 332 plus the value 141.                                                                                                                                                                                                	add 332 141	quantity.add	quantity.add 332 141	result 473	kernel committed result 473	lexical	1
q34-private/281	quantity	quantity channel has no prior committed result	Evaluate -17 times the value 7.                                                                                                                                                                                                 	multiply -17 7	quantity.multiply	quantity.multiply -17 7	result -119	kernel committed result -119	lexical	1
q34-private/282	quantity	quantity channel has no prior committed result	Evaluate the rational expression -3/20 plus -19/12.                                                                                                                                                                             	add-rational -3/20 -19/12	quantity.add-rational	quantity.add-rational -3/20 -19/12	result -26/15	kernel committed result -26/15	lexical	1
q34-private/283	quantity	quantity channel has no prior committed result	Write the equivalent millimeters value for 352 centimeters.                                                                                                                                                                     	convert 352 cm-to-mm	quantity.convert	quantity.convert 352 cm-to-mm	result 3520 mm	kernel committed result 3520 mm	lexical	1
q34-private/284	quantity	quantity channel has no prior committed result	Evaluate the unknown x in 22*x+-76=804.                                                                                                                                                                                         	solve 22*x+-76=804	quantity.solve-linear	quantity.solve-linear 22 -76 804	x 40	kernel committed x 40	lexical	1
q34-private/285	quantity	quantity channel has no prior committed result	A score of -515 changes by -346. What is the resulting score?                                                                                                                                                                   	add -515 -346	quantity.add	quantity.add -515 -346	result -861	kernel committed result -861	implicit	1
q34-private/286	quantity	quantity channel has no prior committed result	A transformation scales 22 by 36. What output appears?                                                                                                                                                                          	multiply 36 22	quantity.multiply	quantity.multiply 36 22	result 792	kernel committed result 792	implicit	1
q34-private/287	quantity	quantity channel has no prior committed result	A fractional balance of 3/15 changes by 5/18. What does it show?                                                                                                                                                                	add-rational 3/15 5/18	quantity.add-rational	quantity.add-rational 3/15 5/18	result 43/90	kernel committed result 43/90	implicit	1
q34-private/288	quantity	quantity channel has no prior committed result	Replace the unit m with cm without changing the amount 339. What number results?                                                                                                                                                	convert 339 m-to-cm	quantity.convert	quantity.convert 339 m-to-cm	result 33900 cm	kernel committed result 33900 cm	implicit	1
q34-private/289	quantity	quantity channel has no prior committed result	The scale 24, hidden x, and offset 24 must reach 2088. What is x?                                                                                                                                                               	solve 24*x+24=2088	quantity.solve-linear	quantity.solve-linear 24 24 2088	x 86	kernel committed x 86	implicit	1
q34-private/290	quantity	quantity channel has no prior committed result	Total the signed numbers 478 and -930.                                                                                                                                                                                          	add 478 -930	quantity.add	quantity.add 478 -930	result -452	kernel committed result -452	lexical	2
q34-private/291	quantity	quantity channel has no prior committed result	Use 3 as a scale factor on -26.                                                                                                                                                                                                 	multiply 3 -26	quantity.multiply	quantity.multiply 3 -26	result -78	kernel committed result -78	lexical	2
q34-private/292	quantity	quantity channel has no prior committed result	Total fractional values -18/14 and 5/18.                                                                                                                                                                                        	add-rational -18/14 5/18	quantity.add-rational	quantity.add-rational -18/14 5/18	result -127/126	kernel committed result -127/126	lexical	2
q34-private/293	quantity	quantity channel has no prior committed result	Translate 204 kilograms into grams.                                                                                                                                                                                             	convert 204 kg-to-g	quantity.convert	quantity.convert 204 kg-to-g	result 204000 g	kernel committed result 204000 g	lexical	2
q34-private/294	quantity	quantity channel has no prior committed result	Find the x-value making 21*x+-26 equal 436.                                                                                                                                                                                     	solve 21*x+-26=436	quantity.solve-linear	quantity.solve-linear 21 -26 436	x 22	kernel committed x 22	lexical	2
q34-private/295	quantity	quantity channel has no prior committed result	Amounts -962 and -821 enter one balance. What does it show?                                                                                                                                                                     	add -962 -821	quantity.add	quantity.add -962 -821	result -1783	kernel committed result -1783	implicit	2
q34-private/296	quantity	quantity channel has no prior committed result	There are 64 signed units for each of -98 units. What total appears?                                                                                                                                                            	multiply 64 -98	quantity.multiply	quantity.multiply 64 -98	result -6272	kernel committed result -6272	implicit	2
q34-private/297	quantity	quantity channel has no prior committed result	Portions -17/1 and 20/17 enter one measure. What amount is present?                                                                                                                                                             	add-rational -17/1 20/17	quantity.add-rational	quantity.add-rational -17/1 20/17	result -269/17	kernel committed result -269/17	implicit	2
q34-private/298	quantity	quantity channel has no prior committed result	The amount 549 meters is unchanged but measured in centimeters. What is the reading?                                                                                                                                            	convert 549 m-to-cm	quantity.convert	quantity.convert 549 m-to-cm	result 54900 cm	kernel committed result 54900 cm	implicit	2
q34-private/299	quantity	quantity channel has no prior committed result	Insert a number for x so 22*x+-79 and 867 balance.                                                                                                                                                                              	solve 22*x+-79=867	quantity.solve-linear	quantity.solve-linear 22 -79 867	x 43	kernel committed x 43	implicit	2
q34-private/300	quantity	quantity channel has no prior committed result	What sum is obtained from -681 and 374?                                                                                                                         	add -681 374	quantity.add	quantity.add -681 374	result -307	kernel committed result -307	lexical	0
q34-private/301	quantity	quantity channel has no prior committed result	What product comes from 85 and -90?                                                                                                                             	multiply 85 -90	quantity.multiply	quantity.multiply 85 -90	result -7650	kernel committed result -7650	lexical	0
q34-private/302	quantity	quantity channel has no prior committed result	What reduced sum comes from fractions -7/14 and 10/14?                                                                                                          	add-rational -7/14 10/14	quantity.add-rational	quantity.add-rational -7/14 10/14	result 3/14	kernel committed result 3/14	lexical	0
q34-private/303	quantity	quantity channel has no prior committed result	What is 375 centimeters when stated in millimeters?                                                                                                             	convert 375 cm-to-mm	quantity.convert	quantity.convert 375 cm-to-mm	result 3750 mm	kernel committed result 3750 mm	lexical	0
q34-private/304	quantity	quantity channel has no prior committed result	What x satisfies the linear statement 5*x+85=-65?                                                                                                               	solve 5*x+85=-65	quantity.solve-linear	quantity.solve-linear 5 85 -65	x -30	kernel committed x -30	lexical	0
q34-private/305	quantity	quantity channel has no prior committed result	Move from 663 by the signed distance -242. Where do you arrive?                                                                                                 	add 663 -242	quantity.add	quantity.add 663 -242	result 421	kernel committed result 421	implicit	0
q34-private/306	quantity	quantity channel has no prior committed result	The signed side lengths 28 and -59 define an area. What is it?                                                                                                  	multiply 28 -59	quantity.multiply	quantity.multiply 28 -59	result -1652	kernel committed result -1652	implicit	0
q34-private/307	quantity	quantity channel has no prior committed result	Move from rational point 21/3 by -20/14. Where do you arrive?                                                                                                   	add-rational 21/3 -20/14	quantity.add-rational	quantity.add-rational 21/3 -20/14	result 39/7	kernel committed result 39/7	implicit	0
q34-private/308	quantity	quantity channel has no prior committed result	One unchanged length reads 908 m. What would its cm reading be?                                                                                                 	convert 908 m-to-cm	quantity.convert	quantity.convert 908 m-to-cm	result 90800 cm	kernel committed result 90800 cm	implicit	0
q34-private/309	quantity	quantity channel has no prior committed result	Which x makes the equality 6*x+62=368 hold?                                                                                                                     	solve 6*x+62=368	quantity.solve-linear	quantity.solve-linear 6 62 368	x 51	kernel committed x 51	implicit	0
q34-private/310	quantity	quantity channel has no prior committed result	Evaluate 987 plus the value -953.                                                                                                                               	add 987 -953	quantity.add	quantity.add 987 -953	result 34	kernel committed result 34	lexical	1
q34-private/311	quantity	quantity channel has no prior committed result	Evaluate -46 times the value 23.                                                                                                                                	multiply -46 23	quantity.multiply	quantity.multiply -46 23	result -1058	kernel committed result -1058	lexical	1
q34-private/312	quantity	quantity channel has no prior committed result	Evaluate the rational expression -14/12 plus 21/5.                                                                                                              	add-rational -14/12 21/5	quantity.add-rational	quantity.add-rational -14/12 21/5	result 91/30	kernel committed result 91/30	lexical	1
q34-private/313	quantity	quantity channel has no prior committed result	Write the equivalent millimeters value for 999 centimeters.                                                                                                     	convert 999 cm-to-mm	quantity.convert	quantity.convert 999 cm-to-mm	result 9990 mm	kernel committed result 9990 mm	lexical	1
q34-private/314	quantity	quantity channel has no prior committed result	Evaluate the unknown x in 23*x+-63=-1512.                                                                                                                       	solve 23*x+-63=-1512	quantity.solve-linear	quantity.solve-linear 23 -63 -1512	x -63	kernel committed x -63	lexical	1
q34-private/315	quantity	quantity channel has no prior committed result	A score of -519 changes by -890. What is the resulting score?                                                                                                   	add -519 -890	quantity.add	quantity.add -519 -890	result -1409	kernel committed result -1409	implicit	1
q34-private/316	quantity	quantity channel has no prior committed result	A transformation scales -36 by -46. What output appears?                                                                                                        	multiply -46 -36	quantity.multiply	quantity.multiply -46 -36	result 1656	kernel committed result 1656	implicit	1
q34-private/317	quantity	quantity channel has no prior committed result	A fractional balance of -23/2 changes by 11/12. What does it show?                                                                                              	add-rational -23/2 11/12	quantity.add-rational	quantity.add-rational -23/2 11/12	result -127/12	kernel committed result -127/12	implicit	1
q34-private/318	quantity	quantity channel has no prior committed result	Replace the unit cm with mm without changing the amount 456. What number results?                                                                               	convert 456 cm-to-mm	quantity.convert	quantity.convert 456 cm-to-mm	result 4560 mm	kernel committed result 4560 mm	implicit	1
q34-private/319	quantity	quantity channel has no prior committed result	The scale 15, hidden x, and offset 99 must reach -1041. What is x?                                                                                              	solve 15*x+99=-1041	quantity.solve-linear	quantity.solve-linear 15 99 -1041	x -76	kernel committed x -76	implicit	1
q34-private/320	quantity	quantity channel has no prior committed result	Total the signed numbers 272 and 997.                                                                                                                           	add 272 997	quantity.add	quantity.add 272 997	result 1269	kernel committed result 1269	lexical	2
q34-private/321	quantity	quantity channel has no prior committed result	Use 65 as a scale factor on -54.                                                                                                                                	multiply 65 -54	quantity.multiply	quantity.multiply 65 -54	result -3510	kernel committed result -3510	lexical	2
q34-private/322	quantity	quantity channel has no prior committed result	Total fractional values 24/15 and 17/9.                                                                                                                         	add-rational 24/15 17/9	quantity.add-rational	quantity.add-rational 24/15 17/9	result 157/45	kernel committed result 157/45	lexical	2
q34-private/323	quantity	quantity channel has no prior committed result	Translate 262 centimeters into millimeters.                                                                                                                     	convert 262 cm-to-mm	quantity.convert	quantity.convert 262 cm-to-mm	result 2620 mm	kernel committed result 2620 mm	lexical	2
q34-private/324	quantity	quantity channel has no prior committed result	Find the x-value making 7*x+51 equal -467.                                                                                                                      	solve 7*x+51=-467	quantity.solve-linear	quantity.solve-linear 7 51 -467	x -74	kernel committed x -74	lexical	2
q34-private/325	quantity	quantity channel has no prior committed result	Amounts -243 and -869 enter one balance. What does it show?                                                                                                     	add -243 -869	quantity.add	quantity.add -243 -869	result -1112	kernel committed result -1112	implicit	2
q34-private/326	quantity	quantity channel has no prior committed result	There are -21 signed units for each of 60 units. What total appears?                                                                                            	multiply -21 60	quantity.multiply	quantity.multiply -21 60	result -1260	kernel committed result -1260	implicit	2
q34-private/327	quantity	quantity channel has no prior committed result	Portions 0/4 and -4/8 enter one measure. What amount is present?                                                                                                	add-rational 0/4 -4/8	quantity.add-rational	quantity.add-rational 0/4 -4/8	result -1/2	kernel committed result -1/2	implicit	2
q34-private/328	quantity	quantity channel has no prior committed result	The amount 347 centimeters is unchanged but measured in millimeters. What is the reading?                                                                       	convert 347 cm-to-mm	quantity.convert	quantity.convert 347 cm-to-mm	result 3470 mm	kernel committed result 3470 mm	implicit	2
q34-private/329	quantity	quantity channel has no prior committed result	Insert a number for x so 20*x+-61 and 599 balance.                                                                                                              	solve 20*x+-61=599	quantity.solve-linear	quantity.solve-linear 20 -61 599	x 33	kernel committed x 33	implicit	2
q34-private/330	quantity	quantity channel has no prior committed result	What sum is obtained from 353 and 603?                                                                                                                                          	add 353 603	quantity.add	quantity.add 353 603	result 956	kernel committed result 956	lexical	0
q34-private/331	quantity	quantity channel has no prior committed result	What product comes from 52 and 7?                                                                                                                                               	multiply 52 7	quantity.multiply	quantity.multiply 52 7	result 364	kernel committed result 364	lexical	0
q34-private/332	quantity	quantity channel has no prior committed result	What reduced sum comes from fractions 6/20 and 24/3?                                                                                                                            	add-rational 6/20 24/3	quantity.add-rational	quantity.add-rational 6/20 24/3	result 83/10	kernel committed result 83/10	lexical	0
q34-private/333	quantity	quantity channel has no prior committed result	What is 491 meters when stated in centimeters?                                                                                                                                  	convert 491 m-to-cm	quantity.convert	quantity.convert 491 m-to-cm	result 49100 cm	kernel committed result 49100 cm	lexical	0
q34-private/334	quantity	quantity channel has no prior committed result	What x satisfies the linear statement 23*x+-84=-1786?                                                                                                                           	solve 23*x+-84=-1786	quantity.solve-linear	quantity.solve-linear 23 -84 -1786	x -74	kernel committed x -74	lexical	0
q34-private/335	quantity	quantity channel has no prior committed result	Move from 199 by the signed distance 976. Where do you arrive?                                                                                                                  	add 199 976	quantity.add	quantity.add 199 976	result 1175	kernel committed result 1175	implicit	0
q34-private/336	quantity	quantity channel has no prior committed result	The signed side lengths 77 and 39 define an area. What is it?                                                                                                                   	multiply 77 39	quantity.multiply	quantity.multiply 77 39	result 3003	kernel committed result 3003	implicit	0
q34-private/337	quantity	quantity channel has no prior committed result	Move from rational point 11/21 by -23/7. Where do you arrive?                                                                                                                   	add-rational 11/21 -23/7	quantity.add-rational	quantity.add-rational 11/21 -23/7	result -58/21	kernel committed result -58/21	implicit	0
q34-private/338	quantity	quantity channel has no prior committed result	One unchanged length reads 588 m. What would its cm reading be?                                                                                                                 	convert 588 m-to-cm	quantity.convert	quantity.convert 588 m-to-cm	result 58800 cm	kernel committed result 58800 cm	implicit	0
q34-private/339	quantity	quantity channel has no prior committed result	Which x makes the equality 12*x+4=124 hold?                                                                                                                                     	solve 12*x+4=124	quantity.solve-linear	quantity.solve-linear 12 4 124	x 10	kernel committed x 10	implicit	0
q34-private/340	quantity	quantity channel has no prior committed result	Evaluate 949 plus the value -658.                                                                                                                                               	add 949 -658	quantity.add	quantity.add 949 -658	result 291	kernel committed result 291	lexical	1
q34-private/341	quantity	quantity channel has no prior committed result	Evaluate 71 times the value 64.                                                                                                                                                 	multiply 71 64	quantity.multiply	quantity.multiply 71 64	result 4544	kernel committed result 4544	lexical	1
q34-private/342	quantity	quantity channel has no prior committed result	Evaluate the rational expression 9/1 plus -6/4.                                                                                                                                 	add-rational 9/1 -6/4	quantity.add-rational	quantity.add-rational 9/1 -6/4	result 15/2	kernel committed result 15/2	lexical	1
q34-private/343	quantity	quantity channel has no prior committed result	Write the equivalent grams value for 239 kilograms.                                                                                                                             	convert 239 kg-to-g	quantity.convert	quantity.convert 239 kg-to-g	result 239000 g	kernel committed result 239000 g	lexical	1
q34-private/344	quantity	quantity channel has no prior committed result	Evaluate the unknown x in 22*x+-64=1498.                                                                                                                                        	solve 22*x+-64=1498	quantity.solve-linear	quantity.solve-linear 22 -64 1498	x 71	kernel committed x 71	lexical	1
q34-private/345	quantity	quantity channel has no prior committed result	A score of -877 changes by -835. What is the resulting score?                                                                                                                   	add -877 -835	quantity.add	quantity.add -877 -835	result -1712	kernel committed result -1712	implicit	1
q34-private/346	quantity	quantity channel has no prior committed result	A transformation scales -35 by 77. What output appears?                                                                                                                         	multiply 77 -35	quantity.multiply	quantity.multiply 77 -35	result -2695	kernel committed result -2695	implicit	1
q34-private/347	quantity	quantity channel has no prior committed result	A fractional balance of -14/5 changes by -16/7. What does it show?                                                                                                              	add-rational -14/5 -16/7	quantity.add-rational	quantity.add-rational -14/5 -16/7	result -178/35	kernel committed result -178/35	implicit	1
q34-private/348	quantity	quantity channel has no prior committed result	Replace the unit kg with g without changing the amount 898. What number results?                                                                                                	convert 898 kg-to-g	quantity.convert	quantity.convert 898 kg-to-g	result 898000 g	kernel committed result 898000 g	implicit	1
q34-private/349	quantity	quantity channel has no prior committed result	The scale 9, hidden x, and offset -76 must reach 185. What is x?                                                                                                                	solve 9*x+-76=185	quantity.solve-linear	quantity.solve-linear 9 -76 185	x 29	kernel committed x 29	implicit	1
q34-private/350	quantity	quantity channel has no prior committed result	Total the signed numbers 752 and -446.                                                                                                                                          	add 752 -446	quantity.add	quantity.add 752 -446	result 306	kernel committed result 306	lexical	2
q34-private/351	quantity	quantity channel has no prior committed result	Use -95 as a scale factor on 33.                                                                                                                                                	multiply -95 33	quantity.multiply	quantity.multiply -95 33	result -3135	kernel committed result -3135	lexical	2
q34-private/352	quantity	quantity channel has no prior committed result	Total fractional values 6/13 and -4/7.                                                                                                                                          	add-rational 6/13 -4/7	quantity.add-rational	quantity.add-rational 6/13 -4/7	result -10/91	kernel committed result -10/91	lexical	2
q34-private/353	quantity	quantity channel has no prior committed result	Translate 775 kilograms into grams.                                                                                                                                             	convert 775 kg-to-g	quantity.convert	quantity.convert 775 kg-to-g	result 775000 g	kernel committed result 775000 g	lexical	2
q34-private/354	quantity	quantity channel has no prior committed result	Find the x-value making 5*x+-29 equal -329.                                                                                                                                     	solve 5*x+-29=-329	quantity.solve-linear	quantity.solve-linear 5 -29 -329	x -60	kernel committed x -60	lexical	2
q34-private/355	quantity	quantity channel has no prior committed result	Amounts 967 and -409 enter one balance. What does it show?                                                                                                                      	add 967 -409	quantity.add	quantity.add 967 -409	result 558	kernel committed result 558	implicit	2
q34-private/356	quantity	quantity channel has no prior committed result	There are 63 signed units for each of -85 units. What total appears?                                                                                                            	multiply 63 -85	quantity.multiply	quantity.multiply 63 -85	result -5355	kernel committed result -5355	implicit	2
q34-private/357	quantity	quantity channel has no prior committed result	Portions 23/6 and 1/24 enter one measure. What amount is present?                                                                                                               	add-rational 23/6 1/24	quantity.add-rational	quantity.add-rational 23/6 1/24	result 31/8	kernel committed result 31/8	implicit	2
q34-private/358	quantity	quantity channel has no prior committed result	The amount 740 meters is unchanged but measured in centimeters. What is the reading?                                                                                            	convert 740 m-to-cm	quantity.convert	quantity.convert 740 m-to-cm	result 74000 cm	kernel committed result 74000 cm	implicit	2
q34-private/359	quantity	quantity channel has no prior committed result	Insert a number for x so 8*x+5 and -643 balance.                                                                                                                                	solve 8*x+5=-643	quantity.solve-linear	quantity.solve-linear 8 5 -643	x -81	kernel committed x -81	implicit	2
q34-private/360	quantity	quantity channel has no prior committed result	What sum is obtained from -371 and 154?                                                                                                                                                         	add -371 154	quantity.add	quantity.add -371 154	result -217	kernel committed result -217	lexical	0
q34-private/361	quantity	quantity channel has no prior committed result	What product comes from 1 and 63?                                                                                                                                                               	multiply 1 63	quantity.multiply	quantity.multiply 1 63	result 63	kernel committed result 63	lexical	0
q34-private/362	quantity	quantity channel has no prior committed result	What reduced sum comes from fractions 5/20 and -18/7?                                                                                                                                           	add-rational 5/20 -18/7	quantity.add-rational	quantity.add-rational 5/20 -18/7	result -65/28	kernel committed result -65/28	lexical	0
q34-private/363	quantity	quantity channel has no prior committed result	What is 994 meters when stated in centimeters?                                                                                                                                                  	convert 994 m-to-cm	quantity.convert	quantity.convert 994 m-to-cm	result 99400 cm	kernel committed result 99400 cm	lexical	0
q34-private/364	quantity	quantity channel has no prior committed result	What x satisfies the linear statement 5*x+-58=432?                                                                                                                                              	solve 5*x+-58=432	quantity.solve-linear	quantity.solve-linear 5 -58 432	x 98	kernel committed x 98	lexical	0
q34-private/365	quantity	quantity channel has no prior committed result	Move from 456 by the signed distance 695. Where do you arrive?                                                                                                                                  	add 456 695	quantity.add	quantity.add 456 695	result 1151	kernel committed result 1151	implicit	0
q34-private/366	quantity	quantity channel has no prior committed result	The signed side lengths 56 and -32 define an area. What is it?                                                                                                                                  	multiply 56 -32	quantity.multiply	quantity.multiply 56 -32	result -1792	kernel committed result -1792	implicit	0
q34-private/367	quantity	quantity channel has no prior committed result	Move from rational point -13/22 by -1/14. Where do you arrive?                                                                                                                                  	add-rational -13/22 -1/14	quantity.add-rational	quantity.add-rational -13/22 -1/14	result -51/77	kernel committed result -51/77	implicit	0
q34-private/368	quantity	quantity channel has no prior committed result	One unchanged mass reads 562 kg. What would its g reading be?                                                                                                                                   	convert 562 kg-to-g	quantity.convert	quantity.convert 562 kg-to-g	result 562000 g	kernel committed result 562000 g	implicit	0
q34-private/369	quantity	quantity channel has no prior committed result	Which x makes the equality 2*x+45=233 hold?                                                                                                                                                     	solve 2*x+45=233	quantity.solve-linear	quantity.solve-linear 2 45 233	x 94	kernel committed x 94	implicit	0
q34-private/370	quantity	quantity channel has no prior committed result	Evaluate -89 plus the value 785.                                                                                                                                                                	add -89 785	quantity.add	quantity.add -89 785	result 696	kernel committed result 696	lexical	1
q34-private/371	quantity	quantity channel has no prior committed result	Evaluate 71 times the value 65.                                                                                                                                                                 	multiply 71 65	quantity.multiply	quantity.multiply 71 65	result 4615	kernel committed result 4615	lexical	1
q34-private/372	quantity	quantity channel has no prior committed result	Evaluate the rational expression -9/3 plus 13/16.                                                                                                                                               	add-rational -9/3 13/16	quantity.add-rational	quantity.add-rational -9/3 13/16	result -35/16	kernel committed result -35/16	lexical	1
q34-private/373	quantity	quantity channel has no prior committed result	Write the equivalent grams value for 226 kilograms.                                                                                                                                             	convert 226 kg-to-g	quantity.convert	quantity.convert 226 kg-to-g	result 226000 g	kernel committed result 226000 g	lexical	1
q34-private/374	quantity	quantity channel has no prior committed result	Evaluate the unknown x in 22*x+-73=-557.                                                                                                                                                        	solve 22*x+-73=-557	quantity.solve-linear	quantity.solve-linear 22 -73 -557	x -22	kernel committed x -22	lexical	1
q34-private/375	quantity	quantity channel has no prior committed result	A score of -107 changes by -243. What is the resulting score?                                                                                                                                   	add -107 -243	quantity.add	quantity.add -107 -243	result -350	kernel committed result -350	implicit	1
q34-private/376	quantity	quantity channel has no prior committed result	A transformation scales -15 by -52. What output appears?                                                                                                                                        	multiply -52 -15	quantity.multiply	quantity.multiply -52 -15	result 780	kernel committed result 780	implicit	1
q34-private/377	quantity	quantity channel has no prior committed result	A fractional balance of -5/16 changes by 3/8. What does it show?                                                                                                                                	add-rational -5/16 3/8	quantity.add-rational	quantity.add-rational -5/16 3/8	result 1/16	kernel committed result 1/16	implicit	1
q34-private/378	quantity	quantity channel has no prior committed result	Replace the unit cm with mm without changing the amount 679. What number results?                                                                                                               	convert 679 cm-to-mm	quantity.convert	quantity.convert 679 cm-to-mm	result 6790 mm	kernel committed result 6790 mm	implicit	1
q34-private/379	quantity	quantity channel has no prior committed result	The scale 9, hidden x, and offset 59 must reach -679. What is x?                                                                                                                                	solve 9*x+59=-679	quantity.solve-linear	quantity.solve-linear 9 59 -679	x -82	kernel committed x -82	implicit	1
q34-private/380	quantity	quantity channel has no prior committed result	Total the signed numbers 592 and 200.                                                                                                                                                           	add 592 200	quantity.add	quantity.add 592 200	result 792	kernel committed result 792	lexical	2
q34-private/381	quantity	quantity channel has no prior committed result	Use -87 as a scale factor on 65.                                                                                                                                                                	multiply -87 65	quantity.multiply	quantity.multiply -87 65	result -5655	kernel committed result -5655	lexical	2
q34-private/382	quantity	quantity channel has no prior committed result	Total fractional values -23/24 and 0/1.                                                                                                                                                         	add-rational -23/24 0/1	quantity.add-rational	quantity.add-rational -23/24 0/1	result -23/24	kernel committed result -23/24	lexical	2
q34-private/383	quantity	quantity channel has no prior committed result	Translate 453 meters into centimeters.                                                                                                                                                          	convert 453 m-to-cm	quantity.convert	quantity.convert 453 m-to-cm	result 45300 cm	kernel committed result 45300 cm	lexical	2
q34-private/384	quantity	quantity channel has no prior committed result	Find the x-value making 18*x+43 equal -497.                                                                                                                                                     	solve 18*x+43=-497	quantity.solve-linear	quantity.solve-linear 18 43 -497	x -30	kernel committed x -30	lexical	2
q34-private/385	quantity	quantity channel has no prior committed result	Amounts -484 and 410 enter one balance. What does it show?                                                                                                                                      	add -484 410	quantity.add	quantity.add -484 410	result -74	kernel committed result -74	implicit	2
q34-private/386	quantity	quantity channel has no prior committed result	There are 67 signed units for each of -27 units. What total appears?                                                                                                                            	multiply 67 -27	quantity.multiply	quantity.multiply 67 -27	result -1809	kernel committed result -1809	implicit	2
q34-private/387	quantity	quantity channel has no prior committed result	Portions 24/8 and -4/5 enter one measure. What amount is present?                                                                                                                               	add-rational 24/8 -4/5	quantity.add-rational	quantity.add-rational 24/8 -4/5	result 11/5	kernel committed result 11/5	implicit	2
q34-private/388	quantity	quantity channel has no prior committed result	The amount 731 kilograms is unchanged but measured in grams. What is the reading?                                                                                                               	convert 731 kg-to-g	quantity.convert	quantity.convert 731 kg-to-g	result 731000 g	kernel committed result 731000 g	implicit	2
q34-private/389	quantity	quantity channel has no prior committed result	Insert a number for x so 1*x+20 and 20 balance.                                                                                                                                                 	solve 1*x+20=20	quantity.solve-linear	quantity.solve-linear 1 20 20	x 0	kernel committed x 0	implicit	2
q34-private/390	quantity	quantity channel has no prior committed result	What sum is obtained from -508 and 653?                                                                                                                                                                         	add -508 653	quantity.add	quantity.add -508 653	result 145	kernel committed result 145	lexical	0
q34-private/391	quantity	quantity channel has no prior committed result	What product comes from 68 and 2?                                                                                                                                                                               	multiply 68 2	quantity.multiply	quantity.multiply 68 2	result 136	kernel committed result 136	lexical	0
q34-private/392	quantity	quantity channel has no prior committed result	What reduced sum comes from fractions 1/19 and 18/6?                                                                                                                                                            	add-rational 1/19 18/6	quantity.add-rational	quantity.add-rational 1/19 18/6	result 58/19	kernel committed result 58/19	lexical	0
q34-private/393	quantity	quantity channel has no prior committed result	What is 832 meters when stated in centimeters?                                                                                                                                                                  	convert 832 m-to-cm	quantity.convert	quantity.convert 832 m-to-cm	result 83200 cm	kernel committed result 83200 cm	lexical	0
q34-private/394	quantity	quantity channel has no prior committed result	What x satisfies the linear statement 23*x+-12=1644?                                                                                                                                                            	solve 23*x+-12=1644	quantity.solve-linear	quantity.solve-linear 23 -12 1644	x 72	kernel committed x 72	lexical	0
q34-private/395	quantity	quantity channel has no prior committed result	Move from -267 by the signed distance 539. Where do you arrive?                                                                                                                                                 	add -267 539	quantity.add	quantity.add -267 539	result 272	kernel committed result 272	implicit	0
q34-private/396	quantity	quantity channel has no prior committed result	The signed side lengths 62 and 25 define an area. What is it?                                                                                                                                                   	multiply 62 25	quantity.multiply	quantity.multiply 62 25	result 1550	kernel committed result 1550	implicit	0
q34-private/397	quantity	quantity channel has no prior committed result	Move from rational point 8/5 by -21/11. Where do you arrive?                                                                                                                                                    	add-rational 8/5 -21/11	quantity.add-rational	quantity.add-rational 8/5 -21/11	result -17/55	kernel committed result -17/55	implicit	0
q34-private/398	quantity	quantity channel has no prior committed result	One unchanged length reads 917 m. What would its cm reading be?                                                                                                                                                 	convert 917 m-to-cm	quantity.convert	quantity.convert 917 m-to-cm	result 91700 cm	kernel committed result 91700 cm	implicit	0
q34-private/399	quantity	quantity channel has no prior committed result	Which x makes the equality 5*x+65=-425 hold?                                                                                                                                                                    	solve 5*x+65=-425	quantity.solve-linear	quantity.solve-linear 5 65 -425	x -98	kernel committed x -98	implicit	0
q34-private/400	quantity	quantity channel has no prior committed result	Evaluate 599 plus the value -217.                                                                                                                                                                               	add 599 -217	quantity.add	quantity.add 599 -217	result 382	kernel committed result 382	lexical	1
q34-private/401	quantity	quantity channel has no prior committed result	Evaluate -60 times the value -97.                                                                                                                                                                               	multiply -60 -97	quantity.multiply	quantity.multiply -60 -97	result 5820	kernel committed result 5820	lexical	1
q34-private/402	quantity	quantity channel has no prior committed result	Evaluate the rational expression 17/18 plus 12/22.                                                                                                                                                              	add-rational 17/18 12/22	quantity.add-rational	quantity.add-rational 17/18 12/22	result 295/198	kernel committed result 295/198	lexical	1
q34-private/403	quantity	quantity channel has no prior committed result	Write the equivalent centimeters value for 457 meters.                                                                                                                                                          	convert 457 m-to-cm	quantity.convert	quantity.convert 457 m-to-cm	result 45700 cm	kernel committed result 45700 cm	lexical	1
q34-private/404	quantity	quantity channel has no prior committed result	Evaluate the unknown x in 18*x+30=-1446.                                                                                                                                                                        	solve 18*x+30=-1446	quantity.solve-linear	quantity.solve-linear 18 30 -1446	x -82	kernel committed x -82	lexical	1
q34-private/405	quantity	quantity channel has no prior committed result	A score of -401 changes by -923. What is the resulting score?                                                                                                                                                   	add -401 -923	quantity.add	quantity.add -401 -923	result -1324	kernel committed result -1324	implicit	1
q34-private/406	quantity	quantity channel has no prior committed result	A transformation scales -3 by 38. What output appears?                                                                                                                                                          	multiply 38 -3	quantity.multiply	quantity.multiply 38 -3	result -114	kernel committed result -114	implicit	1
q34-private/407	quantity	quantity channel has no prior committed result	A fractional balance of -3/24 changes by -2/15. What does it show?                                                                                                                                              	add-rational -3/24 -2/15	quantity.add-rational	quantity.add-rational -3/24 -2/15	result -31/120	kernel committed result -31/120	implicit	1
q34-private/408	quantity	quantity channel has no prior committed result	Replace the unit m with cm without changing the amount 319. What number results?                                                                                                                                	convert 319 m-to-cm	quantity.convert	quantity.convert 319 m-to-cm	result 31900 cm	kernel committed result 31900 cm	implicit	1
q34-private/409	quantity	quantity channel has no prior committed result	The scale 15, hidden x, and offset -25 must reach -415. What is x?                                                                                                                                              	solve 15*x+-25=-415	quantity.solve-linear	quantity.solve-linear 15 -25 -415	x -26	kernel committed x -26	implicit	1
q34-private/410	quantity	quantity channel has no prior committed result	Total the signed numbers -560 and -46.                                                                                                                                                                          	add -560 -46	quantity.add	quantity.add -560 -46	result -606	kernel committed result -606	lexical	2
q34-private/411	quantity	quantity channel has no prior committed result	Use 27 as a scale factor on 59.                                                                                                                                                                                 	multiply 27 59	quantity.multiply	quantity.multiply 27 59	result 1593	kernel committed result 1593	lexical	2
q34-private/412	quantity	quantity channel has no prior committed result	Total fractional values -19/10 and -16/6.                                                                                                                                                                       	add-rational -19/10 -16/6	quantity.add-rational	quantity.add-rational -19/10 -16/6	result -137/30	kernel committed result -137/30	lexical	2
q34-private/413	quantity	quantity channel has no prior committed result	Translate 684 meters into centimeters.                                                                                                                                                                          	convert 684 m-to-cm	quantity.convert	quantity.convert 684 m-to-cm	result 68400 cm	kernel committed result 68400 cm	lexical	2
q34-private/414	quantity	quantity channel has no prior committed result	Find the x-value making 21*x+-10 equal -1333.                                                                                                                                                                   	solve 21*x+-10=-1333	quantity.solve-linear	quantity.solve-linear 21 -10 -1333	x -63	kernel committed x -63	lexical	2
q34-private/415	quantity	quantity channel has no prior committed result	Amounts -132 and -116 enter one balance. What does it show?                                                                                                                                                     	add -132 -116	quantity.add	quantity.add -132 -116	result -248	kernel committed result -248	implicit	2
q34-private/416	quantity	quantity channel has no prior committed result	There are -89 signed units for each of 88 units. What total appears?                                                                                                                                            	multiply -89 88	quantity.multiply	quantity.multiply -89 88	result -7832	kernel committed result -7832	implicit	2
q34-private/417	quantity	quantity channel has no prior committed result	Portions -23/22 and -5/18 enter one measure. What amount is present?                                                                                                                                            	add-rational -23/22 -5/18	quantity.add-rational	quantity.add-rational -23/22 -5/18	result -131/99	kernel committed result -131/99	implicit	2
q34-private/418	quantity	quantity channel has no prior committed result	The amount 989 kilograms is unchanged but measured in grams. What is the reading?                                                                                                                               	convert 989 kg-to-g	quantity.convert	quantity.convert 989 kg-to-g	result 989000 g	kernel committed result 989000 g	implicit	2
q34-private/419	quantity	quantity channel has no prior committed result	Insert a number for x so 13*x+78 and -845 balance.                                                                                                                                                              	solve 13*x+78=-845	quantity.solve-linear	quantity.solve-linear 13 78 -845	x -71	kernel committed x -71	implicit	2
q34-private/420	quantity	quantity channel has no prior committed result	What sum is obtained from -489 and 927?                                                                                                                                                                                         	add -489 927	quantity.add	quantity.add -489 927	result 438	kernel committed result 438	lexical	0
q34-private/421	quantity	quantity channel has no prior committed result	What product comes from -23 and 92?                                                                                                                                                                                             	multiply -23 92	quantity.multiply	quantity.multiply -23 92	result -2116	kernel committed result -2116	lexical	0
q34-private/422	quantity	quantity channel has no prior committed result	What reduced sum comes from fractions 3/24 and -3/8?                                                                                                                                                                            	add-rational 3/24 -3/8	quantity.add-rational	quantity.add-rational 3/24 -3/8	result -1/4	kernel committed result -1/4	lexical	0
q34-private/423	quantity	quantity channel has no prior committed result	What is 463 centimeters when stated in millimeters?                                                                                                                                                                             	convert 463 cm-to-mm	quantity.convert	quantity.convert 463 cm-to-mm	result 4630 mm	kernel committed result 4630 mm	lexical	0
q34-private/424	quantity	quantity channel has no prior committed result	What x satisfies the linear statement 13*x+26=-1079?                                                                                                                                                                            	solve 13*x+26=-1079	quantity.solve-linear	quantity.solve-linear 13 26 -1079	x -85	kernel committed x -85	lexical	0
q34-private/425	quantity	quantity channel has no prior committed result	Move from -445 by the signed distance -550. Where do you arrive?                                                                                                                                                                	add -445 -550	quantity.add	quantity.add -445 -550	result -995	kernel committed result -995	implicit	0
q34-private/426	quantity	quantity channel has no prior committed result	The signed side lengths -76 and 3 define an area. What is it?                                                                                                                                                                   	multiply -76 3	quantity.multiply	quantity.multiply -76 3	result -228	kernel committed result -228	implicit	0
q34-private/427	quantity	quantity channel has no prior committed result	Move from rational point -7/24 by 22/5. Where do you arrive?                                                                                                                                                                    	add-rational -7/24 22/5	quantity.add-rational	quantity.add-rational -7/24 22/5	result 493/120	kernel committed result 493/120	implicit	0
q34-private/428	quantity	quantity channel has no prior committed result	One unchanged length reads 572 cm. What would its mm reading be?                                                                                                                                                                	convert 572 cm-to-mm	quantity.convert	quantity.convert 572 cm-to-mm	result 5720 mm	kernel committed result 5720 mm	implicit	0
q34-private/429	quantity	quantity channel has no prior committed result	Which x makes the equality 21*x+71=2024 hold?                                                                                                                                                                                   	solve 21*x+71=2024	quantity.solve-linear	quantity.solve-linear 21 71 2024	x 93	kernel committed x 93	implicit	0
q34-private/430	quantity	quantity channel has no prior committed result	Evaluate -989 plus the value -673.                                                                                                                                                                                              	add -989 -673	quantity.add	quantity.add -989 -673	result -1662	kernel committed result -1662	lexical	1
q34-private/431	quantity	quantity channel has no prior committed result	Evaluate -83 times the value -42.                                                                                                                                                                                               	multiply -83 -42	quantity.multiply	quantity.multiply -83 -42	result 3486	kernel committed result 3486	lexical	1
q34-private/432	quantity	quantity channel has no prior committed result	Evaluate the rational expression 16/11 plus -23/14.                                                                                                                                                                             	add-rational 16/11 -23/14	quantity.add-rational	quantity.add-rational 16/11 -23/14	result -29/154	kernel committed result -29/154	lexical	1
q34-private/433	quantity	quantity channel has no prior committed result	Write the equivalent grams value for 624 kilograms.                                                                                                                                                                             	convert 624 kg-to-g	quantity.convert	quantity.convert 624 kg-to-g	result 624000 g	kernel committed result 624000 g	lexical	1
q34-private/434	quantity	quantity channel has no prior committed result	Evaluate the unknown x in 24*x+-2=-2042.                                                                                                                                                                                        	solve 24*x+-2=-2042	quantity.solve-linear	quantity.solve-linear 24 -2 -2042	x -85	kernel committed x -85	lexical	1
q34-private/435	quantity	quantity channel has no prior committed result	A score of 603 changes by 96. What is the resulting score?                                                                                                                                                                      	add 603 96	quantity.add	quantity.add 603 96	result 699	kernel committed result 699	implicit	1
q34-private/436	quantity	quantity channel has no prior committed result	A transformation scales 58 by -40. What output appears?                                                                                                                                                                         	multiply -40 58	quantity.multiply	quantity.multiply -40 58	result -2320	kernel committed result -2320	implicit	1
q34-private/437	quantity	quantity channel has no prior committed result	A fractional balance of -16/20 changes by -17/22. What does it show?                                                                                                                                                            	add-rational -16/20 -17/22	quantity.add-rational	quantity.add-rational -16/20 -17/22	result -173/110	kernel committed result -173/110	implicit	1
q34-private/438	quantity	quantity channel has no prior committed result	Replace the unit m with cm without changing the amount 948. What number results?                                                                                                                                                	convert 948 m-to-cm	quantity.convert	quantity.convert 948 m-to-cm	result 94800 cm	kernel committed result 94800 cm	implicit	1
q34-private/439	quantity	quantity channel has no prior committed result	The scale 19, hidden x, and offset 3 must reach -776. What is x?                                                                                                                                                                	solve 19*x+3=-776	quantity.solve-linear	quantity.solve-linear 19 3 -776	x -41	kernel committed x -41	implicit	1
q34-private/440	quantity	quantity channel has no prior committed result	Total the signed numbers 710 and 730.                                                                                                                                                                                           	add 710 730	quantity.add	quantity.add 710 730	result 1440	kernel committed result 1440	lexical	2
q34-private/441	quantity	quantity channel has no prior committed result	Use -97 as a scale factor on 48.                                                                                                                                                                                                	multiply -97 48	quantity.multiply	quantity.multiply -97 48	result -4656	kernel committed result -4656	lexical	2
q34-private/442	quantity	quantity channel has no prior committed result	Total fractional values 16/10 and 21/21.                                                                                                                                                                                        	add-rational 16/10 21/21	quantity.add-rational	quantity.add-rational 16/10 21/21	result 13/5	kernel committed result 13/5	lexical	2
q34-private/443	quantity	quantity channel has no prior committed result	Translate 131 kilograms into grams.                                                                                                                                                                                             	convert 131 kg-to-g	quantity.convert	quantity.convert 131 kg-to-g	result 131000 g	kernel committed result 131000 g	lexical	2
q34-private/444	quantity	quantity channel has no prior committed result	Find the x-value making 7*x+67 equal 494.                                                                                                                                                                                       	solve 7*x+67=494	quantity.solve-linear	quantity.solve-linear 7 67 494	x 61	kernel committed x 61	lexical	2
q34-private/445	quantity	quantity channel has no prior committed result	Amounts 222 and -550 enter one balance. What does it show?                                                                                                                                                                      	add 222 -550	quantity.add	quantity.add 222 -550	result -328	kernel committed result -328	implicit	2
q34-private/446	quantity	quantity channel has no prior committed result	There are -44 signed units for each of 85 units. What total appears?                                                                                                                                                            	multiply -44 85	quantity.multiply	quantity.multiply -44 85	result -3740	kernel committed result -3740	implicit	2
q34-private/447	quantity	quantity channel has no prior committed result	Portions -2/9 and -17/7 enter one measure. What amount is present?                                                                                                                                                              	add-rational -2/9 -17/7	quantity.add-rational	quantity.add-rational -2/9 -17/7	result -167/63	kernel committed result -167/63	implicit	2
q34-private/448	quantity	quantity channel has no prior committed result	The amount 444 centimeters is unchanged but measured in millimeters. What is the reading?                                                                                                                                       	convert 444 cm-to-mm	quantity.convert	quantity.convert 444 cm-to-mm	result 4440 mm	kernel committed result 4440 mm	implicit	2
q34-private/449	quantity	quantity channel has no prior committed result	Insert a number for x so 5*x+82 and 427 balance.                                                                                                                                                                                	solve 5*x+82=427	quantity.solve-linear	quantity.solve-linear 5 82 427	x 69	kernel committed x 69	implicit	2
q34-private/450	quantity	quantity channel has no prior committed result	What sum is obtained from -458 and 753?                                                                                                                         	add -458 753	quantity.add	quantity.add -458 753	result 295	kernel committed result 295	lexical	0
q34-private/451	quantity	quantity channel has no prior committed result	What product comes from 20 and 8?                                                                                                                               	multiply 20 8	quantity.multiply	quantity.multiply 20 8	result 160	kernel committed result 160	lexical	0
q34-private/452	quantity	quantity channel has no prior committed result	What reduced sum comes from fractions -5/17 and -22/9?                                                                                                          	add-rational -5/17 -22/9	quantity.add-rational	quantity.add-rational -5/17 -22/9	result -419/153	kernel committed result -419/153	lexical	0
q34-private/453	quantity	quantity channel has no prior committed result	What is 901 meters when stated in centimeters?                                                                                                                  	convert 901 m-to-cm	quantity.convert	quantity.convert 901 m-to-cm	result 90100 cm	kernel committed result 90100 cm	lexical	0
q34-private/454	quantity	quantity channel has no prior committed result	What x satisfies the linear statement 17*x+-62=-708?                                                                                                            	solve 17*x+-62=-708	quantity.solve-linear	quantity.solve-linear 17 -62 -708	x -38	kernel committed x -38	lexical	0
q34-private/455	quantity	quantity channel has no prior committed result	Move from 90 by the signed distance 480. Where do you arrive?                                                                                                   	add 90 480	quantity.add	quantity.add 90 480	result 570	kernel committed result 570	implicit	0
q34-private/456	quantity	quantity channel has no prior committed result	The signed side lengths 96 and -42 define an area. What is it?                                                                                                  	multiply 96 -42	quantity.multiply	quantity.multiply 96 -42	result -4032	kernel committed result -4032	implicit	0
q34-private/457	quantity	quantity channel has no prior committed result	Move from rational point 9/7 by -2/24. Where do you arrive?                                                                                                     	add-rational 9/7 -2/24	quantity.add-rational	quantity.add-rational 9/7 -2/24	result 101/84	kernel committed result 101/84	implicit	0
q34-private/458	quantity	quantity channel has no prior committed result	One unchanged mass reads 496 kg. What would its g reading be?                                                                                                   	convert 496 kg-to-g	quantity.convert	quantity.convert 496 kg-to-g	result 496000 g	kernel committed result 496000 g	implicit	0
q34-private/459	quantity	quantity channel has no prior committed result	Which x makes the equality 9*x+-99=-495 hold?                                                                                                                   	solve 9*x+-99=-495	quantity.solve-linear	quantity.solve-linear 9 -99 -495	x -44	kernel committed x -44	implicit	0
q34-private/460	quantity	quantity channel has no prior committed result	Evaluate -307 plus the value 368.                                                                                                                               	add -307 368	quantity.add	quantity.add -307 368	result 61	kernel committed result 61	lexical	1
q34-private/461	quantity	quantity channel has no prior committed result	Evaluate 79 times the value 90.                                                                                                                                 	multiply 79 90	quantity.multiply	quantity.multiply 79 90	result 7110	kernel committed result 7110	lexical	1
q34-private/462	quantity	quantity channel has no prior committed result	Evaluate the rational expression -15/16 plus -6/1.                                                                                                              	add-rational -15/16 -6/1	quantity.add-rational	quantity.add-rational -15/16 -6/1	result -111/16	kernel committed result -111/16	lexical	1
q34-private/463	quantity	quantity channel has no prior committed result	Write the equivalent centimeters value for 245 meters.                                                                                                          	convert 245 m-to-cm	quantity.convert	quantity.convert 245 m-to-cm	result 24500 cm	kernel committed result 24500 cm	lexical	1
q34-private/464	quantity	quantity channel has no prior committed result	Evaluate the unknown x in 6*x+-14=478.                                                                                                                          	solve 6*x+-14=478	quantity.solve-linear	quantity.solve-linear 6 -14 478	x 82	kernel committed x 82	lexical	1
q34-private/465	quantity	quantity channel has no prior committed result	A score of -464 changes by -384. What is the resulting score?                                                                                                   	add -464 -384	quantity.add	quantity.add -464 -384	result -848	kernel committed result -848	implicit	1
q34-private/466	quantity	quantity channel has no prior committed result	A transformation scales 88 by -40. What output appears?                                                                                                         	multiply -40 88	quantity.multiply	quantity.multiply -40 88	result -3520	kernel committed result -3520	implicit	1
q34-private/467	quantity	quantity channel has no prior committed result	A fractional balance of -14/13 changes by 3/13. What does it show?                                                                                              	add-rational -14/13 3/13	quantity.add-rational	quantity.add-rational -14/13 3/13	result -11/13	kernel committed result -11/13	implicit	1
q34-private/468	quantity	quantity channel has no prior committed result	Replace the unit cm with mm without changing the amount 950. What number results?                                                                               	convert 950 cm-to-mm	quantity.convert	quantity.convert 950 cm-to-mm	result 9500 mm	kernel committed result 9500 mm	implicit	1
q34-private/469	quantity	quantity channel has no prior committed result	The scale 19, hidden x, and offset 10 must reach -1016. What is x?                                                                                              	solve 19*x+10=-1016	quantity.solve-linear	quantity.solve-linear 19 10 -1016	x -54	kernel committed x -54	implicit	1
q34-private/470	quantity	quantity channel has no prior committed result	Total the signed numbers 274 and -674.                                                                                                                          	add 274 -674	quantity.add	quantity.add 274 -674	result -400	kernel committed result -400	lexical	2
q34-private/471	quantity	quantity channel has no prior committed result	Use -55 as a scale factor on 50.                                                                                                                                	multiply -55 50	quantity.multiply	quantity.multiply -55 50	result -2750	kernel committed result -2750	lexical	2
q34-private/472	quantity	quantity channel has no prior committed result	Total fractional values -11/7 and -10/4.                                                                                                                        	add-rational -11/7 -10/4	quantity.add-rational	quantity.add-rational -11/7 -10/4	result -57/14	kernel committed result -57/14	lexical	2
q34-private/473	quantity	quantity channel has no prior committed result	Translate 377 centimeters into millimeters.                                                                                                                     	convert 377 cm-to-mm	quantity.convert	quantity.convert 377 cm-to-mm	result 3770 mm	kernel committed result 3770 mm	lexical	2
q34-private/474	quantity	quantity channel has no prior committed result	Find the x-value making 17*x+61 equal 928.                                                                                                                      	solve 17*x+61=928	quantity.solve-linear	quantity.solve-linear 17 61 928	x 51	kernel committed x 51	lexical	2
q34-private/475	quantity	quantity channel has no prior committed result	Amounts 512 and 928 enter one balance. What does it show?                                                                                                       	add 512 928	quantity.add	quantity.add 512 928	result 1440	kernel committed result 1440	implicit	2
q34-private/476	quantity	quantity channel has no prior committed result	There are 9 signed units for each of 93 units. What total appears?                                                                                              	multiply 9 93	quantity.multiply	quantity.multiply 9 93	result 837	kernel committed result 837	implicit	2
q34-private/477	quantity	quantity channel has no prior committed result	Portions -6/4 and -10/1 enter one measure. What amount is present?                                                                                              	add-rational -6/4 -10/1	quantity.add-rational	quantity.add-rational -6/4 -10/1	result -23/2	kernel committed result -23/2	implicit	2
q34-private/478	quantity	quantity channel has no prior committed result	The amount 197 meters is unchanged but measured in centimeters. What is the reading?                                                                            	convert 197 m-to-cm	quantity.convert	quantity.convert 197 m-to-cm	result 19700 cm	kernel committed result 19700 cm	implicit	2
q34-private/479	quantity	quantity channel has no prior committed result	Insert a number for x so 13*x+-77 and 14 balance.                                                                                                               	solve 13*x+-77=14	quantity.solve-linear	quantity.solve-linear 13 -77 14	x 7	kernel committed x 7	implicit	2
q34-private/480	quantity	quantity channel has no prior committed result	What sum is obtained from 739 and -44?                                                                                                                                          	add 739 -44	quantity.add	quantity.add 739 -44	result 695	kernel committed result 695	lexical	0
q34-private/481	quantity	quantity channel has no prior committed result	What product comes from 29 and -1?                                                                                                                                              	multiply 29 -1	quantity.multiply	quantity.multiply 29 -1	result -29	kernel committed result -29	lexical	0
q34-private/482	quantity	quantity channel has no prior committed result	What reduced sum comes from fractions 9/4 and 8/8?                                                                                                                              	add-rational 9/4 8/8	quantity.add-rational	quantity.add-rational 9/4 8/8	result 13/4	kernel committed result 13/4	lexical	0
q34-private/483	quantity	quantity channel has no prior committed result	What is 438 centimeters when stated in millimeters?                                                                                                                             	convert 438 cm-to-mm	quantity.convert	quantity.convert 438 cm-to-mm	result 4380 mm	kernel committed result 4380 mm	lexical	0
q34-private/484	quantity	quantity channel has no prior committed result	What x satisfies the linear statement 19*x+-13=-1286?                                                                                                                           	solve 19*x+-13=-1286	quantity.solve-linear	quantity.solve-linear 19 -13 -1286	x -67	kernel committed x -67	lexical	0
q34-private/485	quantity	quantity channel has no prior committed result	Move from 980 by the signed distance -919. Where do you arrive?                                                                                                                 	add 980 -919	quantity.add	quantity.add 980 -919	result 61	kernel committed result 61	implicit	0
q34-private/486	quantity	quantity channel has no prior committed result	The signed side lengths -91 and -66 define an area. What is it?                                                                                                                 	multiply -91 -66	quantity.multiply	quantity.multiply -91 -66	result 6006	kernel committed result 6006	implicit	0
q34-private/487	quantity	quantity channel has no prior committed result	Move from rational point 8/12 by -13/23. Where do you arrive?                                                                                                                   	add-rational 8/12 -13/23	quantity.add-rational	quantity.add-rational 8/12 -13/23	result 7/69	kernel committed result 7/69	implicit	0
q34-private/488	quantity	quantity channel has no prior committed result	One unchanged length reads 769 m. What would its cm reading be?                                                                                                                 	convert 769 m-to-cm	quantity.convert	quantity.convert 769 m-to-cm	result 76900 cm	kernel committed result 76900 cm	implicit	0
q34-private/489	quantity	quantity channel has no prior committed result	Which x makes the equality 16*x+61=237 hold?                                                                                                                                    	solve 16*x+61=237	quantity.solve-linear	quantity.solve-linear 16 61 237	x 11	kernel committed x 11	implicit	0
q34-private/490	quantity	quantity channel has no prior committed result	Evaluate 609 plus the value -505.                                                                                                                                               	add 609 -505	quantity.add	quantity.add 609 -505	result 104	kernel committed result 104	lexical	1
q34-private/491	quantity	quantity channel has no prior committed result	Evaluate -69 times the value -93.                                                                                                                                               	multiply -69 -93	quantity.multiply	quantity.multiply -69 -93	result 6417	kernel committed result 6417	lexical	1
q34-private/492	quantity	quantity channel has no prior committed result	Evaluate the rational expression -3/24 plus 2/23.                                                                                                                               	add-rational -3/24 2/23	quantity.add-rational	quantity.add-rational -3/24 2/23	result -7/184	kernel committed result -7/184	lexical	1
q34-private/493	quantity	quantity channel has no prior committed result	Write the equivalent millimeters value for 458 centimeters.                                                                                                                     	convert 458 cm-to-mm	quantity.convert	quantity.convert 458 cm-to-mm	result 4580 mm	kernel committed result 4580 mm	lexical	1
q34-private/494	quantity	quantity channel has no prior committed result	Evaluate the unknown x in 6*x+-30=-156.                                                                                                                                         	solve 6*x+-30=-156	quantity.solve-linear	quantity.solve-linear 6 -30 -156	x -21	kernel committed x -21	lexical	1
q34-private/495	quantity	quantity channel has no prior committed result	A score of -396 changes by -682. What is the resulting score?                                                                                                                   	add -396 -682	quantity.add	quantity.add -396 -682	result -1078	kernel committed result -1078	implicit	1
q34-private/496	quantity	quantity channel has no prior committed result	A transformation scales -94 by -18. What output appears?                                                                                                                        	multiply -18 -94	quantity.multiply	quantity.multiply -18 -94	result 1692	kernel committed result 1692	implicit	1
q34-private/497	quantity	quantity channel has no prior committed result	A fractional balance of 4/3 changes by -24/6. What does it show?                                                                                                                	add-rational 4/3 -24/6	quantity.add-rational	quantity.add-rational 4/3 -24/6	result -8/3	kernel committed result -8/3	implicit	1
q34-private/498	quantity	quantity channel has no prior committed result	Replace the unit m with cm without changing the amount 668. What number results?                                                                                                	convert 668 m-to-cm	quantity.convert	quantity.convert 668 m-to-cm	result 66800 cm	kernel committed result 66800 cm	implicit	1
q34-private/499	quantity	quantity channel has no prior committed result	The scale 23, hidden x, and offset -69 must reach -460. What is x?                                                                                                              	solve 23*x+-69=-460	quantity.solve-linear	quantity.solve-linear 23 -69 -460	x -17	kernel committed x -17	implicit	1
